公司代號,公司名稱,匯率變動對現金及約當現金之影響,季別,市場,年度,投資活動之淨現金流入（流出）,期初現金及約當現金餘額,期末現金及約當現金餘額,本期現金及約當現金增加（減少）數,營業活動之淨現金流入（流出）,籌資活動之淨現金流入（流出）
1101,台泥,-1772827,4,上市,114,-13562136,77764504,90165009,12400505,33191582,-5456114
1102,亞泥,-223924,4,上市,114,-4855009,13259732,12981458,-278274,16839301,-12038642
1103,嘉泥,-56869,4,上市,114,-668825,2313203,1875061,-438142,281150,6402
1104,環泥,4202,4,上市,114,-1058177,1576599,1727996,151397,1295147,-89775
1108,幸福,0,4,上市,114,-163767,493514,281232,-212282,1112955,-1161470
1109,信大,16792,4,上市,114,-1103692,3021873,2360669,-661204,773686,-347990
1110,東泥,,4,上市,114,-234509,548447,618253,69806,125843,178472
1201,味全,-7257,4,上市,114,-1499346,1325519,963800,-361719,1073453,71431
1203,味王,20280,4,上市,114,-328012,1776020,2188536,412516,1256175,-535927
1210,大成,-415031,4,上市,114,-5265533,8134872,8709608,574736,6670312,-415012
1213,大飲,14,4,上市,114,-10679,143072,45065,-98007,-62053,-25289
1215,卜蜂,-400,4,上市,114,-1837613,215000,301893,86893,3687864,-1762958
1216,統一,-1130183,4,上市,114,-44997097,100442408,103180043,2737635,75383767,-26518852
1217,愛之味,-12012,4,上市,114,-633911,721333,612023,-109310,164558,372055
1218,泰山,-1586,4,上市,114,-1170012,2750119,700264,-2049855,-181273,-696984
1219,福壽,-144,4,上市,114,-485750,838237,808417,-29820,889251,-433177
1220,台榮,,4,上市,114,-122547,405624,309593,-96031,61410,-34894
1225,福懋油,202,4,上市,114,382216,2291593,1165346,-1126247,835810,-2344475
1227,佳格,-37306,4,上市,114,-1902431,3126724,2676699,-450025,2603059,-1113347
1229,聯華,-195582,4,上市,114,-1396196,4966714,5379898,413184,6224986,-4220024
1231,聯華食,871,4,上市,114,-657618,613309,472877,-140432,854418,-338103
1232,大統益,,4,上市,114,-420063,2235897,2689951,454054,2064197,-1190080
1233,天仁,351,4,上市,114,-56440,179200,154735,-24465,222926,-191302
1234,黑松,1429,4,上市,114,33496,1353872,1207454,-146418,202536,-383879
1235,興泰,,4,上市,114,859671,51626,85895,34269,-137998,-687404
1236,宏亞,0,4,上市,114,312081,74287,36996,-37291,126670,-476042
1256,鮮活果汁-KY,8035,4,上市,114,-666144,797758,656916,-140842,472496,44771
1301,台塑,770386,4,上市,114,-6096434,18200100,10631822,-7568278,6619088,-8861318
1303,南亞,-861291,4,上市,114,-11332463,66445373,46149879,-20295494,8649366,-16751106
1304,台聚,-140990,4,上市,114,-3961319,7604583,3897651,-3706932,866773,-471396
1305,華夏,2415,4,上市,114,-1601659,1523912,512420,-1011492,-87482,675234
1307,三芳,-133579,4,上市,114,-833803,3697059,3577125,-119934,1528641,-681193
1308,亞聚,-2460,4,上市,114,-566728,1468956,590455,-878501,241016,-550329
1309,台達化,4732,4,上市,114,-572639,886216,669196,-217020,734485,-383598
1310,台苯,-561,4,上市,114,17314,497755,568522,70767,-102109,156123
1312,國喬,-446677,4,上市,114,-1137123,4358525,8331891,3973366,-564518,6121684
1313,聯成,-150765,4,上市,114,-644750,4862588,3174614,-1687974,1629114,-2521573
1314,中石化,-233605,4,上市,114,3902176,6165897,1822499,-4343398,-3846385,-4165584
1315,達新,-9614,4,上市,114,384861,2202455,2383997,181542,248508,-442213
1316,上曜,187,4,上市,114,-1697532,1631952,2907472,1275520,-453237,3426102
1319,東陽,12491,4,上市,114,-3163197,4736971,2661707,-2075264,4417206,-3341764
1321,大洋,-6856,4,上市,114,-410941,694400,438417,-255983,244474,-82660
1323,永裕,-37795,4,上市,114,-22369,957530,946860,-10670,199913,-150419
1324,地球,270,4,上市,114,-52572,248002,219749,-28253,17406,6643
1325,恆大,-6215,4,上市,114,-86897,497028,368024,-129004,-10318,-25574
1326,台化,-129330,4,上市,114,-5775920,24382093,17194155,-7187938,25105473,-26388161
1337,再生-KY,-5679,4,上市,114,-3254,1879297,1499367,-379930,-340490,-30507
1338,廣華-KY,-11875,4,上市,114,-806753,2536409,2057375,-479034,675702,-336108
1339,昭輝,26159,4,上市,114,-349777,561073,613253,52180,740309,-364511
1340,勝悅-KY,-1259,4,上市,114,-133208,684609,555802,-128807,-59797,65457
1341,富林-KY,-12486,4,上市,114,-83574,311620,423486,111866,436043,-228117
1342,八貫,,4,上市,114,-96798,641080,357751,-283329,427110,-613641
1402,遠東新,-340818,4,上市,114,-12720945,41314608,39184652,-2129956,42807971,-31876164
1409,新纖,-95776,4,上市,114,-1514380,9916370,8796857,-1119513,1561412,-1070769
1410,南染,-9672,4,上市,114,-120214,500006,404866,-95140,105025,-70279
1413,宏洲,,4,上市,114,-46531,49831,53608,3777,-21902,72210
1414,東和,,4,上市,114,-34302,178982,165337,-13645,193737,-173080
1416,廣豐,1374,4,上市,114,-226146,145856,173778,27922,179034,73660
1417,嘉裕,-6916,4,上市,114,182090,704042,805330,101288,63716,-137602
1418,東華,-1797,4,上市,114,15155,967572,732238,-235334,-600248,351556
1419,新紡,-18064,4,上市,114,-508163,859291,1400248,540957,462453,604731
1423,利華,,4,上市,114,-86317,121466,100693,-20773,146342,-80798
1432,大魯閣,-24493,4,上市,114,642435,656873,906753,249880,-64644,-303418
1434,福懋,-170687,4,上市,114,-817837,3524678,3227056,-297622,2557143,-1866241
1435,中福,0,4,上市,114,58161,44555,46167,1612,-56542,-7
1436,華友聯,,4,上市,114,-22778,1391826,2037456,645630,-1448796,2117204
1437,勤益控,1424,4,上市,114,48871,677788,613271,-64517,220439,-335251
1438,三地開發,,4,上市,114,-345772,1653916,326958,-1326958,-1617320,636134
1439,雋揚,,4,上市,114,129733,504371,689238,184867,299796,-244662
1440,南紡,-596683,4,上市,114,-247312,4756859,4992099,235240,2518015,-1438780
1441,大東,5253,4,上市,114,8578,122917,87728,-35189,184857,-233877
1442,名軒,,4,上市,114,-771,574535,604836,30301,795298,-764226
1443,立益物流,-23948,4,上市,114,-479722,124282,158382,34100,340530,197240
1444,力麗,-5066,4,上市,114,-572650,650496,550540,-99956,-189301,667061
1445,大宇,,4,上市,114,-2101080,330497,267858,-62639,144759,1893682
1446,宏和,52029,4,上市,114,-96,1033334,1208659,175325,580473,-457081
1447,力鵬,-8401,4,上市,114,-415338,1765356,1441973,-323383,-225468,325824
1449,佳和,-236,4,上市,114,330567,203987,518723,314736,-115993,100398
1451,年興,-5311,4,上市,114,-481178,1855369,1050296,-805073,-34166,-284418
1452,宏益,,4,上市,114,-103748,837020,414825,-422195,-251032,-67415
1453,大將,,4,上市,114,34168,4117,5535,1418,-395253,362503
1454,台富,,4,上市,114,-290498,105544,49484,-56060,-12936,247374
1455,集盛,44,4,上市,114,-439700,140118,267108,126990,1513375,-946729
1456,怡華,,4,上市,114,112551,137059,53135,-83924,-460181,263706
1457,宜進,,4,上市,114,1290052,234911,286236,51325,54774,-1293501
1459,聯發,-4215,4,上市,114,750062,368687,801016,432329,224829,-538347
1460,宏遠,-41170,4,上市,114,-582370,816036,742589,-73447,1059290,-509197
1463,強盛新,,4,上市,114,15451,799485,833253,33768,180602,-162285
1464,得力,-184832,4,上市,114,-3426,1488436,1527742,39306,1328022,-1100458
1465,偉全,,4,上市,114,549534,163451,293336,129885,-322289,-97360
1466,聚隆,,4,上市,114,-165367,198420,630770,432350,278218,319499
1467,南緯,46710,4,上市,114,-935041,2240133,1699419,-540714,317251,30366
1468,昶和,-2238,4,上市,114,-465734,380169,447437,67268,151580,383660
1470,大統新創,76,4,上市,114,-64110,291257,232883,-58374,101195,-95535
1471,首利,2712,4,上市,114,-452810,984574,499229,-485345,-26377,-8870
1472,三洋實業,1656,4,上市,114,-342690,790965,1459033,668068,625173,383929
1473,台南,-54299,4,上市,114,-197182,804611,621938,-182673,421693,-352885
1474,弘裕,1958,4,上市,114,-115005,450000,502366,52366,192671,-27258
1475,業旺,-2162,4,上市,114,-195266,1326176,1115935,-210241,132597,-145410
1476,儒鴻,-58755,4,上市,114,-1866213,3618179,3409474,-208705,7570085,-5853822
1477,聚陽,-97422,4,上市,114,-150226,2899706,2624188,-275518,4056556,-4084426
1503,士電,-99090,4,上市,114,-221333,3370646,5094258,1723612,4096082,-2052047
1504,東元,229930,4,上市,114,-1503005,26055287,26224399,169112,2831678,-1389491
1506,正道,9638,4,上市,114,-225886,399060,216217,-182843,35373,-1968
1512,瑞利,-5684,4,上市,114,128939,213055,167369,-45686,-183668,14727
1513,中興電,-3607,4,上市,114,-1135638,2740611,3458480,717869,11876115,-10019001
1514,亞力,8692,4,上市,114,-88542,1023242,1694233,670991,488682,262159
1515,力山,6663,4,上市,114,-718266,2372119,2019518,-352601,119778,239224
1516,川飛,,4,上市,114,-27099,144625,85123,-59502,-32403,0
1517,利奇,12021,4,上市,114,44126,807220,641687,-165533,-100056,-121624
1519,華城,-14814,4,上市,114,-1900800,2480917,4795777,2314860,5961517,-1731043
1521,大億,-616,4,上市,114,-43467,292687,185633,-107054,77259,-140230
1522,堤維西,36111,4,上市,114,-3839777,1540242,2358246,818004,974471,3647199
1524,耿鼎,,4,上市,114,-450357,383111,317161,-65950,695379,-310972
1525,江申,7274,4,上市,114,-3827,1790232,1499455,-290777,-66663,-227561
1526,日馳,26830,4,上市,114,-12699,306828,424313,117485,203580,-100226
1527,鑽全,,4,上市,114,49326,156307,178636,22329,277716,-304713
1528,恩德,-2416,4,上市,114,-333316,733587,616896,-116691,203498,15543
1529,樂事綠能,0,4,上市,114,165276,303439,297561,-5878,288714,-459868
1530,亞崴,2670,4,上市,114,543780,809774,1020136,210362,119294,-455382
1531,高林股,-25386,4,上市,114,-620471,1341397,937485,-403912,419419,-177474
1532,勤美,14717,4,上市,114,-1347407,6030407,5957616,-72791,2078857,-818958
1533,車王電,-21474,4,上市,114,-143326,990966,622829,-368137,-88452,-114885
1535,中宇,-63346,4,上市,114,-108022,1203566,1520376,316810,962050,-473872
1536,和大,39622,4,上市,114,-894563,773323,724847,-48476,940820,-134355
1537,廣隆,-134293,4,上市,114,-89058,1912728,2009094,96366,1227903,-908186
1538,正峰,-171,4,上市,114,26858,41576,20339,-21237,-64411,16487
1539,巨庭,-38,4,上市,114,-27335,549973,489723,-60250,53665,-86542
1540,喬福,394,4,上市,114,-48025,386803,206004,-180799,3590,-136758
1541,錩泰,-20351,4,上市,114,-3865,49134,148091,98957,232548,-109375
1558,伸興,-121470,4,上市,114,-396958,2279804,2670322,390518,1261718,-352772
1560,中砂,33595,4,上市,114,-1912739,2000757,1573289,-427468,1914083,-462407
1563,巧新,-6901,4,上市,114,-363703,2153486,3212539,1059053,1092886,336771
1568,倉佑,-1782,4,上市,114,-225491,459605,420826,-38779,291559,-103065
1582,信錦,-50775,4,上市,114,667461,3700938,4075036,374098,338101,-580689
1583,程泰,-203,4,上市,114,627702,1532663,2133132,600469,147037,-174067
1587,吉茂,-42079,4,上市,114,-84645,453401,442448,-10953,17675,98096
1590,亞德客-KY,-17687,4,上市,114,-969069,6726167,3977215,-2748952,7666588,-9428784
1597,直得,7695,4,上市,114,-125724,864632,706758,-157874,123746,-163591
1598,岱宇,-22142,4,上市,114,-475619,1159244,610052,-549192,-397434,346003
1603,華電,0,4,上市,114,-177775,204286,135698,-68588,-237610,346797
1604,聲寶,-4149,4,上市,114,-1230030,898261,883889,-14372,702849,516958
1605,華新,272386,4,上市,114,-11310973,10988441,14215311,3226870,5269740,8995717
1608,華榮,,4,上市,114,162685,433715,394203,-39512,-164579,-37618
1609,大亞,-79742,4,上市,114,-4256477,7548132,6417892,-1130240,-1260513,4466492
1611,中電,-1387,4,上市,114,147370,259205,362797,103592,251648,-294039
1612,宏泰,-3651,4,上市,114,-18399,781120,1450333,669213,1363990,-672727
1614,三洋電,,4,上市,114,-289815,103610,66101,-37509,411885,-159579
1615,大山,,4,上市,114,-177729,90183,99067,8884,383546,-196933
1616,億泰,-42074,4,上市,114,-255803,933605,523717,-409888,245320,-357331
1617,榮星,-20084,4,上市,114,329688,500477,510598,10121,-105393,-194090
1618,合機,-275,4,上市,114,39275,178386,187222,8836,57841,-88005
1623,大東電,,4,上市,114,-142407,719477,510430,-209047,-88685,22045
1626,艾美特-KY,-6428,4,上市,114,15708,748438,765494,17056,-17693,25469
1702,南僑,24588,4,上市,114,-3510968,8181308,5365659,-2815649,539082,131649
1707,葡萄王,-6349,4,上市,114,-606258,4342605,4164558,-178047,2179812,-1745252
1708,東鹼,-70669,4,上市,114,-170856,2113651,1661212,-452439,1498442,-1709356
1709,和益,-231,4,上市,114,248531,449634,501351,51717,563305,-759888
1710,東聯,1069,4,上市,114,-1438477,1674844,1532486,-142358,-91119,1386169
1711,永光,64699,4,上市,114,-854886,1305622,1119887,-185735,837813,-233361
1712,興農,6163,4,上市,114,-865962,2096179,1989350,-106829,2022720,-1269750
1713,國化,,4,上市,114,972387,143513,102085,-41428,119922,-1133737
1714,和桐,-132609,4,上市,114,-680575,6310968,6380349,69381,1126972,-244407
1717,長興,-152279,4,上市,114,-2810871,7102753,6044025,-1058728,4265181,-2360759
1718,中纖,-3734,4,上市,114,714809,49506703,55439204,5932501,3373644,1847782
1720,生達,-1942,4,上市,114,-1073166,1520128,1833746,313618,1766827,-378101
1721,國慶科技,,4,上市,114,-99564,450917,504789,53872,247697,-94261
1722,台肥,-3449,4,上市,114,-2976177,4088248,1949825,-2138423,2370254,-1529051
1723,中碳,527,4,上市,114,-369443,1151306,1113759,-37547,879285,-547916
1725,元禎,-5221,4,上市,114,84301,804602,677655,-126947,361481,-567508
1726,永記,-71995,4,上市,114,-79996,1126750,1817539,690789,1449625,-606845
1727,中華化,0,4,上市,114,-580110,145528,126374,-19154,110635,450321
1730,花仙子,-767,4,上市,114,-288134,1101159,1007812,-93347,428277,-232723
1731,美吾華,803,4,上市,114,22123,175367,225062,49695,223243,-196474
1732,毛寶,2848,4,上市,114,38130,148903,209336,60433,42085,-22630
1733,五鼎,8488,4,上市,114,-5543,532685,567091,34406,160116,-128655
1734,杏輝,4457,4,上市,114,-224626,1075672,864139,-211533,584662,-576026
1735,日勝化,1616,4,上市,114,142310,341674,393681,52007,212584,-304503
1736,喬山,232150,4,上市,114,-1770763,2686730,3302851,616121,2576866,-422132
1737,臺鹽,238,4,上市,114,-271429,1551310,1349371,-201939,432048,-362796
1752,南光,0,4,上市,114,-281935,301542,345669,44127,464078,-138016
1760,寶齡富錦,-542,4,上市,114,-129182,558371,460316,-98055,309571,-277902
1762,中化生,-612,4,上市,114,-61803,222275,216437,-5838,142611,-86034
1773,勝一,1245,4,上市,114,-1942851,373079,310657,-62422,3051128,-1171944
1776,展宇,-25973,4,上市,114,-6558,469981,465543,-4438,183581,-155488
1783,和康生,-753,4,上市,114,-382990,639054,576191,-62863,290220,30660
1786,科妍,2,4,上市,114,-142737,706022,845808,139786,123988,158533
1789,神隆,1974,4,上市,114,-1451496,4165987,3110074,-1055913,595908,-202299
1795,美時,-200725,4,上市,114,-12467896,6030113,7739617,1709504,7481979,6896146
1802,台玻,-256465,4,上市,114,-3917116,8632705,8735559,102854,2417788,1858647
1805,寶徠,4,4,上市,114,-4315,682956,388030,-294926,-312034,21419
1806,冠軍,-20698,4,上市,114,-175918,1917490,1888918,-28572,274978,-106934
1808,潤隆,,4,上市,114,98146,6477170,5381377,-1095793,-1057194,-136745
1809,中釉,-12121,4,上市,114,76845,515122,583766,68644,67771,-63851
1810,和成,-36965,4,上市,114,-349281,771531,599185,-172346,445111,-231211
1817,凱撒衛,-69755,4,上市,114,-137037,251893,377278,125385,467278,-135101
1903,士紙,,4,上市,114,73847,226564,513921,287357,161830,51680
1904,正隆,550590,4,上市,114,-6086795,7357995,5964347,-1393648,5108540,-965983
1905,華紙,32197,4,上市,114,-99905,1365522,1940276,574754,-1041573,1684035
1906,寶隆,,4,上市,114,-201527,153590,152096,-1494,516409,-316376
1907,永豐餘,-332698,4,上市,114,-5155021,11919493,11679948,-239545,4453187,794987
1909,榮成,-108105,4,上市,114,-1388222,989457,1200933,211476,1141401,566402
2002,中鋼,298703,4,上市,114,-31962684,15065137,16818790,1753653,49299218,-15881584
2006,東和鋼鐵,-155255,4,上市,114,-1413441,1519082,1267035,-252047,8642137,-7325488
2007,燁興,,4,上市,114,-249114,213093,142530,-70563,-658065,836616
2008,高興昌,,4,上市,114,-277548,315406,262448,-52958,169550,55040
2009,第一銅,,4,上市,114,-81967,139179,101700,-37479,198745,-154257
2010,春源,23816,4,上市,114,-1293415,528727,609169,80442,1992929,-642888
2012,春雨,-112577,4,上市,114,-713353,1390365,724463,-665902,808536,-648508
2013,中鋼構,,4,上市,114,-122999,467748,1258240,790492,3060312,-2146821
2014,中鴻,,4,上市,114,-394051,673982,751883,77901,2450880,-1978928
2015,豐興,,4,上市,114,-576599,1171339,2979289,1807950,5188299,-2803750
2017,官田鋼,,4,上市,114,-995015,522799,294265,-228534,-95158,861639
2020,美亞,-9120,4,上市,114,206121,477043,659039,181996,-304824,289819
2022,聚亨,189167,4,上市,114,-480869,879861,794274,-85587,-373593,579708
2023,燁輝,47953,4,上市,114,-6727163,8762028,8708576,-53452,2692353,3933405
2024,志聯,649,4,上市,114,-841,106069,95078,-10991,80668,-91467
2025,千興,-13,4,上市,114,-126446,100981,98100,-2881,-564767,688345
2027,大成鋼,-232869,4,上市,114,-8205710,7248742,9934799,2686057,3005741,8118895
2028,威致,,4,上市,114,-299760,140444,90495,-49949,1648184,-1398373
2029,盛餘,-17791,4,上市,114,-486657,2767824,2986466,218642,1104105,-381015
2030,彰源,29983,4,上市,114,-531700,1215975,1223856,7881,1171697,-662099
2031,新光鋼,-2561,4,上市,114,-137186,1212459,1269648,57189,2707286,-2510350
2032,新鋼,,4,上市,114,-43128,102598,226691,124093,75036,92185
2033,佳大,,4,上市,114,-85044,65060,63333,-1727,71545,11772
2034,允強,-42173,4,上市,114,-926815,942549,994084,51535,306609,713914
2038,海光,,4,上市,114,-193153,449014,430946,-18068,374428,-199343
2049,上銀,89146,4,上市,114,-2817875,7353929,7624371,270442,4277241,-1278070
2059,川湖,-452452,4,上市,114,-926810,17488354,24079620,6591266,11333685,-3363157
2062,橋椿,3514,4,上市,114,-1012784,1160519,1159232,-1287,1187410,-179427
2069,運錩,4854,4,上市,114,-871943,145982,150356,4374,1321964,-450501
2072,世紀風電,,4,上市,114,-65587,4016544,7919598,3903054,5012166,-1043525
2101,南港,21232,4,上市,114,-3239574,1925324,1110688,-814636,1815626,588080
2102,泰豐,1066,4,上市,114,6874454,784299,2896330,2112031,-256774,-4506715
2103,台橡,-320300,4,上市,114,-649633,6335266,6686122,350856,1767053,-446264
2104,國際中橡,-723462,4,上市,114,648605,7513216,10593696,3080480,1165944,1989393
2105,正新,-63524,4,上市,114,-10783466,26609220,22399032,-4210188,13554220,-6917418
2106,建大,-163282,4,上市,114,-36755,8017817,9331556,1313739,2230701,-716925
2107,厚生,9339,4,上市,114,649799,710696,1478730,768034,692123,-583227
2108,南帝,-292699,4,上市,114,-1684034,10219416,9551171,-668245,1466411,-157923
2109,華豐,-9778,4,上市,114,-188446,2665645,3260343,594698,755521,37401
2114,鑫永銓,8960,4,上市,114,-334061,713641,546149,-167492,613603,-455994
2115,六暉-KY,-25605,4,上市,114,-160906,1018133,829023,-189110,349409,-352008
2201,裕隆,-879809,4,上市,114,-6069508,14015471,11838642,-2176829,19030973,-14258485
2204,中華,-2989,4,上市,114,-278647,5479914,4218448,-1261466,1102301,-2082131
2206,三陽工業,-84079,4,上市,114,-3626439,10296462,10795600,499138,4399512,-189856
2207,和泰車,9095,4,上市,114,-27905425,18968725,23971458,5002733,49241938,-16342875
2208,台船,,4,上市,114,-848427,3624339,1909943,-1714396,-9521717,8655748
2211,長榮鋼,,4,上市,114,628435,1991237,1933656,-57581,1860761,-2546777
2227,裕日車,-191185,4,上市,114,420220,6348256,5530134,-818122,169076,-1216233
2228,劍麟,31011,4,上市,114,212087,610285,759829,149544,635481,-729035
2231,為升,-58362,4,上市,114,-478057,2254359,1417441,-836918,-26329,-274170
2233,宇隆,-29705,4,上市,114,-248140,700020,1306849,606829,648385,236289
2236,百達-KY,46143,4,上市,114,-342242,1622122,828933,-793189,-152344,-344746
2237,華德動能-創,-15,4,上市,114,-12488,56161,78743,22582,-242130,277215
2239,英利-KY,58519,4,上市,114,-118788,5243499,6130280,886781,2544518,-1597468
2241,艾姆勒,1868,4,上市,114,404992,71167,197179,126012,-46471,-234377
2243,宏旭-KY,-17647,4,上市,114,-71882,479658,478159,-1499,112855,-24825
2247,汎德永業,,4,上市,114,-2273382,2922555,2639545,-283010,2583606,-593234
2248,華勝-KY,-9914,4,上市,114,-82415,405852,650149,244297,190737,145889
2250,IKKA-KY,-40799,4,上市,114,-54700,1364048,1355163,-8885,300581,-213967
2254,巨鎧精密-創,1465,4,上市,114,-24832,147647,83570,-64077,86003,-126713
2258,鴻華先進-創,-1029,4,上市,114,-950669,4180593,1722333,-2458260,-1516381,9819
2301,光寶科,-3748425,4,上市,114,-7394760,100683607,80974352,-19709255,14532847,-23098917
2302,麗正,-603,4,上市,114,-114578,564394,448174,-116220,98484,-99523
2303,聯電,-1846070,4,上市,114,-53154432,105000226,110660052,5659826,99864187,-39203859
2305,全友,8606,4,上市,114,-89212,526750,540782,14032,140197,-45559
2308,台達電,-2145753,4,上市,114,-53214206,117459250,151172175,33712925,98474281,-9401397
2312,金寶,173098,4,上市,114,-2510615,9627264,13851982,4224718,6205324,356911
2313,華通,-77645,4,上市,114,-6761283,11152324,11508955,356631,11287792,-4092233
2314,台揚,-20802,4,上市,114,29319,587755,100142,-487613,-84866,-411264
2316,楠梓電,23898,4,上市,114,-109295,1192816,1040661,-152155,342793,-409551
2317,鴻海,-12778142,4,上市,114,-304689272,937108093,1016439967,79331874,226852474,169946814
2321,東訊,,4,上市,114,-5496,225484,145070,-80414,-7720,-67198
2323,中環,5282,4,上市,114,1252924,2637373,2877568,240195,-1330068,312057
2324,仁寶,-2506960,4,上市,114,-13402027,78947882,83290346,4342464,29772753,-9521302
2327,國巨*,-3647224,4,上市,114,-3725286,61117610,81473484,20355874,30863137,-3134753
2328,廣宇,-44408,4,上市,114,-512974,6754713,6340801,-413912,1065564,-922094
2329,華泰,-5862,4,上市,114,-2605581,4445344,2718816,-1726528,1678081,-793166
2330,台積電,-50008167,4,上市,114,-1144393407,2127627043,2767856402,640229359,2274975625,-440344692
2331,精英,-34585,4,上市,114,-1058196,4407477,3482911,-924566,338801,-170586
2332,友訊,-168541,4,上市,114,-703234,4416806,3171235,-1245571,-211608,-162188
2337,旺宏,-219861,4,上市,114,-1724477,11623489,14912667,3289178,4837543,395973
2338,光罩,-8596,4,上市,114,-1493582,1430542,854720,-575822,2376513,-1450157
2340,台亞,,4,上市,114,-963984,2296957,2547511,250554,-300947,1515485
2342,茂矽,,4,上市,114,-25999,891333,838162,-53171,108136,-135308
2344,華邦電,-330127,4,上市,114,-7657846,14100396,15733774,1633378,11182762,-1561411
2345,智邦,155549,4,上市,114,-19148507,18693890,27890576,9196686,34852264,-6662620
2347,聯強,-1043274,4,上市,114,6921999,25817640,24422175,-1395465,11446179,-18720369
2348,海悅,,4,上市,114,-473537,5763516,5923229,159713,-1077825,1711075
2349,錸德,436990,4,上市,114,-2217150,3972713,3675880,-296833,68819,1414508
2351,順德,2071,4,上市,114,-1004968,1072607,1026336,-46271,1284482,-327856
2352,佳世達,-418971,4,上市,114,-7287229,26154034,26577881,423847,9105894,-975847
2353,宏碁,282673,4,上市,114,-1819885,37664975,31870146,-5794829,-3189721,-1067896
2354,鴻準,282913,4,上市,114,2856869,9918179,15643766,5725587,3513000,-927195
2355,敬鵬,-28661,4,上市,114,-1231252,2964354,2534998,-429356,1669457,-838900
2356,英業達,-206039,4,上市,114,3002291,30933801,54315410,23381609,13993283,6592074
2357,華碩,-2885732,4,上市,114,-8182886,94037992,90078729,-3959263,30330334,-23220979
2359,所羅門,388,4,上市,114,249044,1803115,2213779,410664,471688,-310456
2360,致茂,-14906,4,上市,114,1428436,4099223,6222160,2122937,5257632,-4548225
2362,藍天,34353,4,上市,114,148616,8008624,8434585,425961,-447921,690913
2363,矽統,8396,4,上市,114,41105,1624235,2704738,1080503,654560,376442
2364,倫飛,862,4,上市,114,-33786,490294,501707,11413,216216,-171879
2365,昆盈,-33840,4,上市,114,-26839,1257591,1135920,-121671,103837,-164829
2367,燿華,-57757,4,上市,114,-2209627,1089232,906024,-183208,1931144,153032
2368,金像電,463151,4,上市,114,-7033298,9184576,18114483,8929907,2258811,13241243
2369,菱生,-16316,4,上市,114,-342124,1544076,1546811,2735,92597,268578
2371,大同,-350630,4,上市,114,-3395191,29851112,24399966,-5451146,2256038,-3961363
2373,震旦行,-13365,4,上市,114,36810,2905080,2739060,-166020,1081125,-1270590
2374,佳能,-9488,4,上市,114,-666189,2388925,1729929,-658996,12631,4050
2375,凱美,89080,4,上市,114,910353,771192,1593072,821880,775551,-953104
2376,技嘉,2744,4,上市,114,-1330808,21499095,40321147,18822052,5088944,15061172
2377,微星,212862,4,上市,114,-2411421,23043395,31086286,8042891,3971438,6270012
2379,瑞昱,-765812,4,上市,114,-16380285,14812459,13065867,-1746592,23015343,-7615838
2380,虹光,15087,4,上市,114,-58228,353928,561806,207878,139861,111158
2382,廣達,-5743682,4,上市,114,-8337547,163992166,178309881,14317715,-10364961,38763905
2383,台光電,162816,4,上市,114,-9887555,14988308,20007816,5019508,11967828,2776419
2385,群光,-503448,4,上市,114,-4714267,26185305,21359642,-4825663,6504187,-6112135
2387,精元,78122,4,上市,114,-1903442,5345529,4243529,-1102000,1699360,-976040
2388,威盛,-316186,4,上市,114,-1814504,15638886,13564159,-2074727,859828,-803865
2390,云辰,1167,4,上市,114,-31242,464105,388068,-76037,20453,-66415
2392,正崴,739296,4,上市,114,-8758213,17806585,19799074,1992489,-2713714,12725120
2393,億光,41036,4,上市,114,-2324190,5820316,3945108,-1875208,2847123,-2439177
2395,研華,-136345,4,上市,114,-4220521,13617045,11317279,-2299766,9902694,-7845594
2397,友通,15741,4,上市,114,-172075,2512850,2403301,-109549,711745,-664960
2399,映泰,766,4,上市,114,80908,892390,836475,-55915,-137281,-308
2401,凌陽,-17252,4,上市,114,-343842,4919087,4746631,-172456,487600,-298962
2402,毅嘉,-53955,4,上市,114,-1581690,1824716,2711646,886930,903404,1619171
2404,漢唐,-50354,4,上市,114,-5380230,11648594,29928325,18279731,29117778,-5407463
2405,輔信,6217,4,上市,114,-42200,932327,869340,-62987,20804,-47808
2406,國碩,-17024,4,上市,114,-1294627,1950631,1570391,-380240,37634,893777
2408,南亞科,-1970378,4,上市,114,-14109527,61902779,58074065,-3828714,18568388,-6317197
2409,友達,645696,4,上市,114,-5423378,68446514,55616637,-12829877,11128855,-19181050
2412,中華電,-20263,4,上市,114,-28283839,36259689,36944206,684517,77445547,-48456928
2413,環科,8060,4,上市,114,-126098,729576,866213,136637,648422,-393747
2414,精技,-3023,4,上市,114,-454910,1141047,625491,-515556,910046,-967669
2415,錩新,-13759,4,上市,114,-468252,477489,541755,64266,-1031491,1577768
2417,圓剛,-33709,4,上市,114,-153965,2379750,1953512,-426238,-70074,-168490
2419,仲琦,-1874,4,上市,114,32104,2352742,3506737,1153995,17538,1106227
2420,新巨,-5935,4,上市,114,-83285,1054027,1011653,-42374,648337,-601491
2421,建準,-82433,4,上市,114,-1114003,4678438,5256400,577962,3293473,-1519075
2423,固緯,10178,4,上市,114,-158073,482256,498606,16350,463157,-298912
2424,隴華,1361,4,上市,114,23726,136686,137177,491,16410,-41006
2425,承啟,3027,4,上市,114,-97942,1824537,1390673,-433864,-313674,-25275
2426,鼎元,4019,4,上市,114,-727575,1096429,428518,-667911,266866,-211221
2427,三商電,131,4,上市,114,-273270,513975,746364,232389,1793986,-1288458
2428,興勤,-95481,4,上市,114,-1043970,3069921,3330510,260589,2033263,-633223
2429,銘旺科,0,4,上市,114,-407155,440872,271623,-169249,-142005,379911
2430,燦坤,-904,4,上市,114,-65208,1369842,977587,-392255,866619,-1192762
2431,聯昌,-12650,4,上市,114,-254841,736149,416375,-319774,-30066,-22217
2432,倚天酷碁-創,39,4,上市,114,4958,1108606,1114824,6218,120978,-119757
2433,互盛電,-3519,4,上市,114,-962109,732139,562218,-169921,1148934,-353227
2434,統懋,-1949,4,上市,114,63690,40161,20887,-19274,-48550,-32465
2436,偉詮電,-18853,4,上市,114,693062,874562,1238628,364066,167941,-478084
2438,翔耀,,4,上市,114,-116673,164465,59112,-105353,-244533,255853
2439,美律,-114468,4,上市,114,-1283003,8586894,9797932,1211038,1117876,1490633
2440,太空梭,-8506,4,上市,114,1450,264876,254932,-9944,-183345,180457
2441,超豐,-33254,4,上市,114,-3850700,6615015,5900845,-714170,4888391,-1718607
2442,新美齊,756,4,上市,114,2021650,1577508,1117327,-460181,-354540,-2128047
2444,兆勁,0,4,上市,114,-86299,641847,495247,-146600,-93221,32920
2449,京元電子,-325996,4,上市,114,-13078057,13602621,17963504,4360883,13151787,4613149
2450,神腦,-3,4,上市,114,-14223,1897404,1885814,-11590,391169,-388533
2451,創見,28138,4,上市,114,4727922,1970580,1822437,-148143,-2226317,-2677886
2453,凌群,-3947,4,上市,114,-34522,733387,602469,-130918,387816,-480265
2454,聯發科,-5769963,4,上市,114,-37753968,203695892,235290082,31594190,162792872,-87674751
2455,全新,-11061,4,上市,114,-363725,1175832,944997,-230835,639572,-495621
2457,飛宏,-149455,4,上市,114,-588254,4302601,3498516,-804085,98499,-164875
2458,義隆,-521,4,上市,114,-2252905,3272637,2400069,-872568,2650309,-1269451
2459,敦吉,14111,4,上市,114,351915,996940,1085033,88093,430670,-708603
2460,建通,-24698,4,上市,114,-236176,776631,506099,-270532,-149636,139978
2461,光群雷,-31962,4,上市,114,-590517,1086973,1013920,-73053,-81576,631002
2462,良得電,7024,4,上市,114,-105697,698893,486173,-212720,-134106,20059
2464,盟立,-13236,4,上市,114,-91026,1720776,2231782,511006,753066,-137798
2465,麗臺,-1354,4,上市,114,-58797,433028,459735,26707,53457,33401
2466,冠西電,14336,4,上市,114,-60825,105101,215539,110438,68480,88447
2467,志聖,-74600,4,上市,114,-1679450,1930703,1863940,-66763,865703,821584
2468,華經,-803,4,上市,114,-50761,588933,281951,-306982,-293351,37933
2471,資通,,4,上市,114,20416,600361,694238,93877,238238,-164777
2472,立隆電,96090,4,上市,114,-990981,4049216,4342448,293232,2203371,-1015248
2474,可成,-922717,4,上市,114,6684806,50364287,43747619,-6616668,1298788,-13677545
2476,鉅祥,68183,4,上市,114,-540237,3522837,3337561,-185276,756756,-469978
2477,美隆電,-196381,4,上市,114,196988,1965727,2456382,490655,332742,157306
2478,大毅,30589,4,上市,114,-614948,1736389,1788429,52040,934141,-297742
2480,敦陽科,1146,4,上市,114,-212744,1174515,1113186,-61329,549732,-399463
2481,強茂,-95669,4,上市,114,-393654,2361159,2128944,-232215,1419328,-1162220
2482,連宇,-4416,4,上市,114,-47039,639319,572239,-67080,39881,-55506
2483,百容,9043,4,上市,114,-61130,334634,407554,72920,-1050,126057
2484,希華,-10660,4,上市,114,-208360,684901,631148,-53753,248696,-83429
2485,兆赫,4715,4,上市,114,376953,1428521,1225497,-203024,-606128,21436
2486,一詮,507,4,上市,114,-1669834,1354616,1170331,-184285,350565,1134477
2488,漢平,-42599,4,上市,114,236804,654346,1158189,503843,568149,-258511
2489,瑞軒,-91357,4,上市,114,234698,4793612,4092114,-701498,247648,-1092487
2491,吉祥全,-510,4,上市,114,-69633,115817,131060,15243,-96567,181953
2492,華新科,1480122,4,上市,114,-5807166,7943241,8160463,217222,6146012,-1601746
2493,揚博,558,4,上市,114,-120454,875419,997793,122374,744134,-501864
2495,普安,-827,4,上市,114,89199,221877,309951,88074,53783,-54081
2496,卓越,-375,4,上市,114,-68060,240225,207789,-32436,221922,-185923
2497,怡利電,32001,4,上市,114,-54825,764340,763933,-407,811894,-789477
2498,宏達電,-901457,4,上市,114,5869354,14239209,2909535,-11329674,-4272600,-12024971
2501,國建,,4,上市,114,-158052,6775388,6302998,-472390,5978558,-6292896
2504,國產,24021,4,上市,114,-3468188,2991681,3898544,906863,5154424,-803394
2505,國揚,,4,上市,114,162819,2257783,2590277,332494,1567298,-1397623
2506,太設,2738,4,上市,114,157445,687368,634606,-52762,-146126,-66819
2509,全坤建,-34001,4,上市,114,95661,1118711,679649,-439062,-2124103,1623381
2511,太子,,4,上市,114,-980016,8367153,7680966,-686187,1585684,-1291855
2514,龍邦,21678,4,上市,114,-1825853,5675473,2634766,-3040707,-7364,-1229168
2515,中工,-458396,4,上市,114,-137831,4829515,1896083,-2933432,-3272110,934905
2516,新建,-9190,4,上市,114,8959,1568475,2277456,708981,1178561,-469349
2520,冠德,-77,4,上市,114,153909,18207129,16829692,-1377437,-4044413,2513144
2524,京城,,4,上市,114,-512474,3000245,1170796,-1829449,98898,-1415873
2527,宏璟,814,4,上市,114,271595,1331404,1372459,41055,-977467,746113
2528,皇普,,4,上市,114,-360282,1601753,1190448,-411305,4768580,-4819603
2530,華建,,4,上市,114,-83498,935773,3206058,2270285,1908536,445247
2534,宏盛,-1057,4,上市,114,4895,1198451,1084051,-114400,517862,-636100
2535,達欣工,18691,4,上市,114,-48963,5023905,7094256,2070351,3992106,-1891483
2536,宏普,,4,上市,114,-333509,1422876,2645411,1222535,6320419,-4764375
2537,聯上發,,4,上市,114,-237842,490709,292706,-198003,-1037340,1077179
2538,基泰,0,4,上市,114,880989,1184676,1217475,32799,-157264,-690926
2539,櫻花建,,4,上市,114,-8124,1498932,5585934,4087002,5293451,-1198325
2540,愛山林,,4,上市,114,-1580066,3415318,4848658,1433340,-8199379,11212785
2542,興富發,368,4,上市,114,178149,17889104,13426722,-4462382,-9702572,5061673
2543,皇昌,,4,上市,114,-3385285,806965,1328954,521989,1294959,2612315
2545,皇翔,,4,上市,114,-22397,2223143,963516,-1259627,-5568000,4330770
2546,根基,,4,上市,114,-41606,4634266,6189757,1555491,2014581,-417484
2547,日勝生,-49,4,上市,114,5418472,2532126,3368441,836315,-1631546,-2950562
2548,華固,4332,4,上市,114,1475035,3754611,7668970,3914359,10542324,-8107332
2597,潤弘,,4,上市,114,-1077840,2506611,1609235,-897376,2364293,-2183829
2601,益航,-29558,4,上市,114,-500138,1123799,252272,-871527,902703,-1244534
2603,長榮,-5193940,4,上市,114,-108996980,253369890,174366257,-79003633,101202073,-66014786
2605,新興,-112917,4,上市,114,-1235458,3098099,4065964,967865,2756451,-440211
2606,裕民,-719832,4,上市,114,-6342520,17859129,17164684,-694445,7255688,-887781
2607,榮運,-46583,4,上市,114,404348,8499326,4804129,-3695197,3420833,-7473795
2608,嘉里大榮,,4,上市,114,-845720,1648821,1834610,185789,2514218,-1482709
2609,陽明,-6877996,4,上市,114,-37960502,165501879,106533812,-58968067,24667461,-38797030
2610,華航,-848172,4,上市,114,-50825315,66648640,57551666,-9096974,49385273,-6808760
2611,志信,,4,上市,114,129306,1043765,450345,-593420,-227577,-495149
2612,中航,-134944,4,上市,114,-1935897,4360635,3172162,-1188473,2227111,-1344743
2613,中櫃,,4,上市,114,-1059114,755321,720576,-34745,878648,145721
2614,東森,-1649,4,上市,114,-1467840,2473386,3205042,731656,1727632,473513
2615,萬海,-3257660,4,上市,114,29267480,72691809,109494384,36802575,39941558,-29148803
2616,山隆,-54602,4,上市,114,404685,1142051,1655633,513582,-182554,346053
2617,台航,-4520,4,上市,114,60446,772044,1347324,575280,2341153,-1821799
2618,長榮航,-60857,4,上市,114,-24882682,74477791,83608362,9130571,55224615,-21150505
2630,亞航,-188,4,上市,114,-53046,155614,226727,71113,288064,-163717
2633,台灣高鐵,13569,4,上市,114,-9558091,4287402,4799873,512471,20691035,-10634042
2634,漢翔,-36022,4,上市,114,-1039116,2808593,2433153,-375440,-3875228,4574926
2636,台驊控股,-445429,4,上市,114,-413739,6154901,8854562,2699661,2005734,1553095
2637,慧洋-KY,-293136,4,上市,114,2086989,4430905,4760165,329260,7311075,-8775668
2642,宅配通,-540,4,上市,114,18276,718642,696968,-21674,290438,-329848
2645,長榮航太,,4,上市,114,-402888,4471379,5315021,843642,3545693,-2299163
2646,星宇航空,-36485,4,上市,114,-20849698,16041913,15339816,-702097,8060298,12123788
2701,萬企,,4,上市,114,-13545,256151,245008,-11143,133339,-130937
2702,華園,-206337,4,上市,114,131436,2457532,1265751,-1191781,126506,-1243386
2704,國賓,,4,上市,114,-367621,3232270,3355119,122849,172857,317613
2705,六福,-1415,4,上市,114,-552975,322009,414837,92828,546892,100326
2706,第一店,,4,上市,114,13899,224214,257319,33105,196667,-177461
2707,晶華,-35662,4,上市,114,-1293799,1211948,125235,-1086713,2399373,-2156625
2712,遠雄來,,4,上市,114,-17108,98167,44393,-53774,45545,-82211
2722,夏都,,4,上市,114,-321168,387618,174131,-213487,27728,79953
2723,美食-KY,-98333,4,上市,114,-1394666,4132301,3221232,-911069,1795313,-1213383
2727,王品,18299,4,上市,114,-712022,2890663,3225808,335145,3507304,-2478436
2731,雄獅,-1044,4,上市,114,-81577,4980668,6545458,1564790,2378357,-730946
2739,寒舍,,4,上市,114,-97668,202905,699055,496150,1722861,-1129043
2748,雲品,4956,4,上市,114,557683,796006,1273059,477053,261858,-347444
2753,八方雲集,-30436,4,上市,114,-1096891,962149,1518020,555871,1588402,94796
2762,世界健身-KY,-105,4,上市,114,-1417037,569661,1006860,437199,3226593,-1372252
2801,彰銀,-1184284,4,上市,114,-1463874,78930343,111896611,32966268,-32948073,68562499
2812,台中銀,-30153,4,上市,114,1329318,47339574,53362323,6022749,4357936,365648
2816,旺旺保,,4,上市,114,-47701,3132839,3316260,183421,582388,-351266
2820,華票,,4,上市,114,-10195,877603,368638,-508965,-8294511,7795741
2832,台產,,4,上市,114,-2013800,3778443,3270250,-508193,3344266,-1838659
2834,臺企銀,-33449,4,上市,114,-54504071,35663893,26812834,-8851059,47791440,-2104979
2836,高雄銀,143,4,上市,114,-590649,20822688,21186130,363442,711665,242283
2838,聯邦銀,-913435,4,上市,114,-803949,69947183,56398702,-13548481,-10791107,-1039990
2845,遠東銀,-625662,4,上市,114,-602169,48449246,37941002,-10508244,-22329078,13048665
2849,安泰銀,-68218,4,上市,114,312357,3340404,2593317,-747087,545083,-1536309
2850,新產,0,4,上市,114,76843,14896632,12826413,-2070219,125572,-2272634
2851,中再保,-51264,4,上市,114,-1393,11701505,12487427,785922,2359679,-1521100
2852,第一保,-1514,4,上市,114,-38991,2293568,2086377,-207191,468100,-634786
2855,統一證,77614,4,上市,114,-492462,7720139,8164819,444680,-10079035,10938563
2880,華南金,-1723521,4,上市,114,-1855038,195692197,182654162,-13038035,4189020,-13648496
2881,富邦金,-4139699,4,上市,114,-23173577,625596925,664534630,38937705,14407546,51843435
2882,國泰金,5883511,4,上市,114,-47209127,557527266,689238875,131711609,188257172,-15219947
2883,凱基金,-4200,4,上市,114,-2552943,174177224,161815117,-12362107,-22581666,12776702
2884,玉山金,2604402,4,上市,114,-6062142,164113499,178231558,14118059,36561011,-18985212
2885,元大金,7384405,4,上市,114,-8935935,209193785,201856030,-7337755,-50175014,44388789
2886,兆豐金,211932,4,上市,114,-2335022,459724760,610769008,151044248,161337370,-8170032
2887,台新新光金,-428751,4,上市,114,143894457,38180562,114560231,76379669,-82412542,15326505
2889,國票金,-12483,4,上市,114,-1135495,3599319,4224100,624781,-6339648,8112407
2890,永豐金,-1061060,4,上市,114,-11313701,222926696,292113039,69186343,51510797,30050307
2891,中信金,-1872542,4,上市,114,-16972291,478837798,456285395,-22552403,6709387,-10416957
2892,第一金,-1954974,4,上市,114,-2020757,254044555,293068300,39023745,63241052,-20241576
2897,王道銀行,-214532,4,上市,114,-610510,18368252,21257591,2889339,1370470,2343911
2901,欣欣,,4,上市,114,9740,457179,483051,25872,46633,-30501
2903,遠百,-31740,4,上市,114,-6537179,19337818,14962987,-4374831,8266004,-6071916
2904,匯僑,-1802,4,上市,114,-58889,190930,152085,-38845,273507,-251661
2905,三商,-1179,4,上市,114,18170405,31479776,79991353,48511577,14135139,16207212
2906,高林,-21480,4,上市,114,-352274,796031,960450,164419,671613,-133440
2908,特力,19018,4,上市,114,-1009312,2570927,1881960,-688967,1936707,-1635380
2910,統領,,4,上市,114,-367707,116279,130647,14368,176980,205095
2911,麗嬰房,25518,4,上市,114,1584331,805448,823697,18249,-262118,-1329482
2912,統一超,-1400638,4,上市,114,-21838846,51267712,50182134,-1085578,36509726,-14355820
2913,農林,,4,上市,114,-11528,54761,65051,10290,41095,-19277
2915,潤泰全,-136989,4,上市,114,2819023,3858445,4587670,729225,138971,-2091780
2923,鼎固-KY,47444,4,上市,114,4766387,7349878,7874380,524502,189531,-4478860
2929,淘帝-KY,-31110,4,上市,114,-860262,1990273,997139,-993134,-111123,9361
2939,永邑-KY,-209,4,上市,114,473685,199847,477196,277349,-195966,-161
2945,三商家購,,4,上市,114,-461911,472471,330587,-141884,921822,-601795
3002,歐格,-13152,4,上市,114,281204,452097,656939,204842,-8863,-54347
3003,健和興,-17023,4,上市,114,-228172,2876550,2396218,-480332,291505,-526642
3004,豐達科,-8153,4,上市,114,-931818,181167,225228,44061,137056,846976
3005,神基,-346977,4,上市,114,-3214659,14371963,13820400,-551563,5776322,-2766249
3006,晶豪科,-1896,4,上市,114,-544720,4485019,4526863,41844,1502209,-913749
3008,大立光,-1103492,4,上市,114,-9235725,113658347,115941697,2283350,26080226,-13457659
3010,華立,-242128,4,上市,114,-1953448,4666206,7333786,2667580,5722853,-859697
3011,今皓,-6702,4,上市,114,-89702,332194,239714,-92480,-180973,184897
3013,晟銘電,10748,4,上市,114,-799617,977987,1047670,69683,1020772,-162220
3014,聯陽,114,4,上市,114,-29129,3512546,2883331,-629215,902042,-1502242
3015,全漢,-37416,4,上市,114,73111,3879851,3452598,-427253,357231,-820179
3016,嘉晶,-456,4,上市,114,-439414,2638148,2285955,-352193,492480,-404803
3017,奇鋐,-92730,4,上市,114,-13336370,29923508,58529798,28606290,39415135,2620255
3018,隆銘綠能,-43,4,上市,114,512223,113225,122331,9106,-208378,-294696
3019,亞光,-450257,4,上市,114,-1098926,13141780,12151793,-989987,2103741,-1544545
3021,鴻名,-30196,4,上市,114,-73135,946019,1006189,60170,197764,-34263
3022,威強電,-25745,4,上市,114,-519607,2953969,2487337,-466632,880495,-801775
3023,信邦,-93214,4,上市,114,-483518,5831556,6688786,857230,3355283,-1921321
3024,憶聲,8229,4,上市,114,-351288,950186,809256,-140930,-174900,377029
3025,星通,-7683,4,上市,114,-8653,239619,301161,61542,132522,-54644
3026,禾伸堂,-8479,4,上市,114,-252737,4502178,4619044,116866,1080479,-702397
3027,盛達,-15442,4,上市,114,-3321,660036,540932,-119104,277430,-377771
3028,增你強,-98718,4,上市,114,31540,1717124,2513681,796557,-971965,1835700
3029,零壹,-21249,4,上市,114,558150,1772606,3091546,1318940,1840964,-1058925
3030,德律,878,4,上市,114,-96943,873590,1292581,418991,1727447,-1212391
3031,佰鴻,-7872,4,上市,114,76514,776829,891965,115136,236674,-190180
3032,偉訓,25185,4,上市,114,-5249012,2032809,2638405,605596,733496,5095927
3033,威健,-314514,4,上市,114,-14964,2985318,2949810,-35508,748716,-454746
3034,聯詠,-7737,4,上市,114,-1231879,48770810,42418895,-6351915,13628744,-18741043
3035,智原,-28260,4,上市,114,-1099558,8310879,7280842,-1030037,929555,-831774
3036,文曄,-616332,4,上市,114,-1761011,39727726,28138755,-11588971,17606038,-26817666
3037,欣興,96108,4,上市,114,-23017614,43753285,54871781,11118496,14967094,19072908
3038,全台,9478,4,上市,114,-8407,925775,1193766,267991,431743,-164823
3040,遠見,-10922,4,上市,114,449807,67205,955817,888612,19182,430545
3041,揚智,30937,4,上市,114,-974326,864528,599532,-264996,-262532,940925
3042,晶技,-16013,4,上市,114,-1323702,3906374,3877499,-28875,3412740,-2101900
3043,科風,460,4,上市,114,-80848,278976,202426,-76550,-218641,222479
3044,健鼎,-676442,4,上市,114,-8427753,28914238,26659071,-2255167,11799519,-4950491
3045,台灣大,3131,4,上市,114,-11152764,11945684,8565239,-3380445,37501271,-29732083
3046,建碁,7170,4,上市,114,13622,1517066,1807419,290353,467536,-197975
3047,訊舟,-9085,4,上市,114,-245479,1742021,1561317,-180704,128917,-55057
3048,益登,-48700,4,上市,114,-218824,2552162,2313389,-238773,-3508979,3537730
3049,精金,-247,4,上市,114,-21450,876347,2165512,1289165,-387221,1698083
3050,鈺德,-15188,4,上市,114,-82410,1222332,1470749,248417,177354,168661
3051,力特,2217,4,上市,114,-14865,148275,159062,10787,557032,-533597
3052,夆典,0,4,上市,114,214992,261867,709549,447682,1802501,-1569811
3054,立萬利,-84,4,上市,114,-29593,248178,146370,-101808,-71754,-377
3055,蔚華科,1170,4,上市,114,-27749,1271021,829151,-441870,-201079,-214212
3056,富華新,,4,上市,114,-318694,5542298,3839994,-1702304,405049,-1788659
3057,喬鼎,-2733,4,上市,114,188305,362174,325227,-36947,-115695,-106824
3058,立德,-7015,4,上市,114,-311705,685120,450855,-234265,-62699,147154
3059,華晶科,-115983,4,上市,114,-780215,5903018,4745485,-1157533,839747,-1101082
3060,銘異,9608,4,上市,114,-36608,760126,657254,-102872,151970,-227842
3062,建漢,-11305,4,上市,114,-191798,1204915,897033,-307882,-468806,364027
3090,日電貿,700,4,上市,114,157669,888588,1568455,679867,89383,432115
3092,鴻碩,15907,4,上市,114,-438469,960832,671314,-289518,-358106,491150
3094,聯傑,-4694,4,上市,114,-562,666160,679643,13483,27512,-8773
3130,一零四,213,4,上市,114,-1062179,1260401,511481,-748920,824828,-511782
3135,凌航,14,4,上市,114,-96047,92155,60849,-31306,-1773967,1838694
3138,耀登,3124,4,上市,114,270525,891382,1301246,409864,78323,57892
3149,正達,-4017,4,上市,114,-610626,999623,753797,-245826,-410707,779524
3150,鈺寶-創,,4,上市,114,-37731,67545,100225,32680,121354,-50943
3164,景岳,560,4,上市,114,7699,110513,103732,-6781,73597,-88637
3167,大量,42216,4,上市,114,-380002,276920,668345,391425,67347,661864
3168,眾福科,2509,4,上市,114,-58363,1305799,1024524,-281275,254718,-480139
3189,景碩,-38577,4,上市,114,-7868506,15365653,12281237,-3084416,8092985,-3270318
3209,全科,-231397,4,上市,114,30582,749056,2831935,2082879,4489524,-2205830
3229,晟鈦,,4,上市,114,11533,99396,117403,18007,-11002,17476
3231,緯創,-3278577,4,上市,114,-43513152,79880425,144473847,64593422,-105809663,217194814
3257,虹冠電,-11097,4,上市,114,25918,243281,153770,-89511,23861,-128193
3266,昇陽,,4,上市,114,42377,1926083,933129,-992954,-1660154,624823
3296,勝德,-5392,4,上市,114,-303202,706507,728642,22135,256276,74453
3305,昇貿,16032,4,上市,114,-851709,1618744,2027541,408797,-973868,2218342
3308,聯德,-19083,4,上市,114,-117255,843920,501031,-342889,-146460,-60091
3311,閎暉,35770,4,上市,114,-1786391,777477,698646,-78831,202870,1468920
3312,弘憶股,113149,4,上市,114,-939526,2098460,2593094,494634,45953,1275058
3321,同泰,9214,4,上市,114,-59725,220722,214860,-5862,-250868,295517
3338,泰碩,-2779,4,上市,114,-11950,927358,735273,-192085,72604,-249960
3346,麗清,-2838,4,上市,114,-1256368,2383455,1628187,-755268,392953,110985
3356,奇偶,-10084,4,上市,114,201876,822093,601632,-220461,43504,-455757
3376,新日興,-69298,4,上市,114,-866938,2107388,1500320,-607068,1201245,-872077
3380,明泰,-47125,4,上市,114,-139000,3957279,4917583,960304,676553,469876
3406,玉晶光,117294,4,上市,114,-2991727,11173450,10794553,-378897,7311609,-4816073
3413,京鼎,-58188,4,上市,114,-3589703,7526593,6625513,-901080,2250432,496379
3416,融程電,7681,4,上市,114,-129037,719244,661775,-57469,496552,-432665
3419,譁裕,-7734,4,上市,114,-45298,335536,224534,-111002,-228091,170121
3432,台端,578,4,上市,114,45697,196040,152002,-44038,-122414,32101
3437,榮創,961,4,上市,114,-22496,1225968,1078038,-147930,-114106,-12289
3443,創意,-10326,4,上市,114,-397639,10427431,6649696,-3777735,-1143103,-2226667
3447,展達,-28167,4,上市,114,-59068,881229,701848,-179381,-2398,-89748
3450,聯鈞,-119554,4,上市,114,-2485234,3138394,2733695,-404699,1526321,673768
3481,群創,1220469,4,上市,114,-34727298,55288631,52827139,-2461492,20167804,10877533
3494,誠研,269,4,上市,114,-55965,222394,76040,-146354,-125987,35329
3501,維熹,-71444,4,上市,114,-881036,1710510,1786784,76274,799254,229500
3504,揚明光,3193,4,上市,114,-25230,1018824,1229209,210385,332454,-100032
3515,華擎,-197237,4,上市,114,-499059,3581001,6104360,2523359,1272878,1946777
3518,柏騰,2780,4,上市,114,-648611,1069070,443330,-625740,-197790,217881
3528,安馳,,4,上市,114,45620,1889754,801462,-1088292,-1526162,392250
3530,晶相光,-3010,4,上市,114,-33984,817302,1186529,369227,464280,-58059
3532,台勝科,9214,4,上市,114,-2684226,4691406,1735296,-2956110,1283941,-1565039
3533,嘉澤,14792,4,上市,114,-5857293,18658882,12499891,-6158991,8527872,-8844362
3535,晶彩科,40,4,上市,114,-114662,197401,151561,-45840,23352,45430
3543,州巧,-22778,4,上市,114,-348797,1120889,967332,-153557,-153708,371726
3545,敦泰,-176629,4,上市,114,-1192515,8247879,4185682,-4062197,172237,-2865290
3550,聯穎,-40246,4,上市,114,-99867,879109,884803,5694,35885,109922
3557,嘉威,-15411,4,上市,114,-1120859,371600,284134,-87466,251414,797390
3563,牧德,4791,4,上市,114,-221054,770992,1051357,280365,856128,-359500
3576,聯合再生,-15882,4,上市,114,75919,6780159,5120657,-1659502,-568080,-1151459
3583,辛耘,-39908,4,上市,114,-931953,7014917,6687823,-327094,1320431,-675664
3588,通嘉,6172,4,上市,114,-32816,493439,522303,28864,174438,-118930
3591,艾笛森,-65976,4,上市,114,-235478,1140781,1018734,-122047,188474,-9067
3592,瑞鼎,-1269,4,上市,114,-2340935,5485507,3096560,-2388947,1198633,-1245376
3593,力銘,-1073,4,上市,114,-27393,57724,333678,275954,-2280,306700
3596,智易,56615,4,上市,114,-4582280,8156296,4692290,-3464006,3734555,-2672896
3605,宏致,112343,4,上市,114,-984008,2000889,2483422,482533,1209917,144281
3607,谷崧,-2876,4,上市,114,10650,564020,547486,-16534,148936,-173244
3617,碩天,37946,4,上市,114,366958,4529969,4344734,-185235,1879471,-2469610
3622,洋華,-6927,4,上市,114,35228,786149,602275,-183874,312600,-524775
3645,達邁,135,4,上市,114,-337764,427383,575168,147785,705300,-219886
3652,精聯,-3023,4,上市,114,-532715,972051,469354,-502697,109664,-76623
3653,健策,30156,4,上市,114,-1013580,2267253,9134067,6866814,4773519,3076719
3661,世芯-KY,-1207524,4,上市,114,-5827969,27044210,32627305,5583095,15271709,-2653121
3665,貿聯-KY,1149507,4,上市,114,-10837864,10175676,14395187,4219511,8595400,5312468
3669,圓展,-19292,4,上市,114,-156765,1527225,1306885,-220340,135103,-179386
3673,TPK-KY,-1568201,4,上市,114,-14854607,44597083,32014730,-12582353,5069494,-1229039
3679,新至陞,58472,4,上市,114,292933,3351920,4262228,910308,841545,-282642
3686,達能,0,4,上市,114,53454,16450,48973,32523,-18347,-2584
3694,海華,-83045,4,上市,114,-330544,2168875,2494831,325956,801075,-61530
3701,大眾控,116795,4,上市,114,-111745,2444233,3262919,818686,1006673,-193037
3702,大聯大,-3762139,4,上市,114,-385813,22688320,22355771,-332549,22216104,-18400701
3703,欣陸,-398,4,上市,114,-2829019,7084267,11574752,4490485,2830578,4489324
3704,合勤控,-6213,4,上市,114,-515494,3241996,3178855,-63141,336140,122426
3705,永信,-344,4,上市,114,-1531079,1834235,1200865,-633370,1513719,-615666
3706,神達,-142880,4,上市,114,4024674,8115965,18794091,10678126,418736,6377596
3708,上緯投控,274766,4,上市,114,5139827,2060652,5831582,3770930,205443,-1849106
3711,日月光投控,-5898137,4,上市,114,-165644259,76492824,92468851,15976027,142249287,45269136
3712,永崴投控,-28489,4,上市,114,-5925027,7928276,7746562,-181714,-5863121,11634923
3714,富采,54494,4,上市,114,-376442,14677812,13385129,-1292683,2128999,-3099734
3715,定穎投控,64909,4,上市,114,-6030683,2849250,5526274,2677024,592406,8050392
3716,中化控股,-9317,4,上市,114,-108871,588011,729497,141486,740598,-480924
3717,聯嘉投控,9749,4,上市,114,-464640,420902,694997,274095,363884,365102
4104,佳醫,-54354,4,上市,114,224892,4189204,2847128,-1342076,-1363630,-148984
4106,雃博,48809,4,上市,114,26327,666440,784615,118175,207452,-164413
4108,懷特,,4,上市,114,114823,22723,86795,64072,-39715,-11036
4119,旭富,,4,上市,114,-512925,582382,60625,-521757,220319,-229151
4133,亞諾法,-297,4,上市,114,-6218,448545,377832,-70713,-4192,-60006
4137,麗豐-KY,-62504,4,上市,114,-155491,3356574,3750352,393778,775777,-164004
4142,國光生,-9896,4,上市,114,-198978,2344620,2186487,-158133,-5446,56187
4148,全宇生技-KY,31055,4,上市,114,-277799,933928,1023128,89200,253002,82942
4155,訊映,2903,4,上市,114,-398496,277458,314473,37015,318860,113748
4164,承業醫,-997,4,上市,114,-1640876,1641783,1786493,144710,1002457,784126
4169,泰宗,-42,4,上市,114,3038,232984,245070,12086,37131,-28041
4178,永笙-KY,-74617,4,上市,114,-108834,1926131,1680173,-245958,-52426,-10081
4190,佐登-KY,4061,4,上市,114,-235927,654036,529442,-124594,511347,-404075
4195,基米-創,-410,4,上市,114,-67840,172584,138297,-34287,-86789,120752
4306,炎洲,1883,4,上市,114,-171234,2360882,2829813,468931,-205622,843904
4414,如興,-167892,4,上市,114,-961969,334863,297943,-36920,1162134,-69193
4426,利勤,36165,4,上市,114,-220376,569364,295147,-274217,-296909,206903
4438,廣越,-81383,4,上市,114,-54936,2337266,2222982,-114284,-427314,449349
4439,冠星-KY,11006,4,上市,114,-282370,487831,517568,29737,382980,-81879
4440,宜新實業,,4,上市,114,-550,113142,79718,-33424,-4815,-28059
4441,振大環球,25448,4,上市,114,-392318,825496,1987619,1162123,192090,1336903
4526,東台,95546,4,上市,114,1021843,865500,1223728,358228,-853355,94194
4532,瑞智,-214921,4,上市,114,-1548934,5839139,4201413,-1637726,90336,35793
4536,拓凱,-153152,4,上市,114,-494981,7018422,5482444,-1535978,2208917,-3096762
4540,全球傳動,13535,4,上市,114,385124,732570,677168,-55402,-514922,60861
4545,銘鈺,-919,4,上市,114,-193840,926431,648799,-277632,-28365,-54508
4551,智伸科,-48493,4,上市,114,-335348,4847577,4963021,115444,1102936,-603651
4552,力達-KY,-16122,4,上市,114,-224027,2389144,2545766,156622,455807,-59036
4555,氣立,-11899,4,上市,114,-258839,827224,690643,-136581,146848,-12691
4557,永新-KY,-184374,4,上市,114,-580694,1061984,1598201,536217,597005,704280
4560,強信-KY,4139,4,上市,114,-55141,551265,701898,150633,313650,-112015
4562,穎漢,-3486,4,上市,114,-30563,257235,169142,-88093,-84372,30328
4564,元翎,-199,4,上市,114,-24935,772121,739833,-32288,98867,-106021
4566,時碩工業,36870,4,上市,114,-470644,1938702,2089586,150884,390652,194006
4569,六方科-KY,21627,4,上市,114,-481173,761251,835252,74001,272769,260778
4571,鈞興-KY,-1776,4,上市,114,-281123,755554,871725,116171,661399,-262329
4572,駐龍,,4,上市,114,-236534,632008,478622,-153386,275305,-192157
4576,大銀微系統,35606,4,上市,114,-188708,682014,805629,123615,442591,-165874
4581,光隆精密-KY,-527,4,上市,114,-197417,593157,1058186,465029,170189,492784
4582,聚恆-創,,4,上市,114,36408,297746,549059,251313,853911,-639006
4583,台灣精銳,,4,上市,114,-2204708,3387458,1351775,-2035683,1162405,-993380
4585,達明,1722,4,上市,114,-5198984,312477,343042,30565,271645,4956182
4588,玖鼎電力,,4,上市,114,-93813,343828,356922,13094,211183,-104276
4590,富田-創,,4,上市,114,-166703,1167501,1893584,726083,1316473,-423687
4720,德淵,-5126,4,上市,114,-363789,531145,576644,45499,146076,268338
4722,國精化,9110,4,上市,114,-981079,237414,271438,34024,-20809,1026802
4736,泰博,24057,4,上市,114,-298116,2386679,2070468,-316211,853394,-895546
4737,華廣,1695,4,上市,114,-286072,321227,423124,101897,494802,-108528
4739,康普,-11687,4,上市,114,-1154472,2905786,3316505,410719,-564335,2141213
4746,台耀,-15693,4,上市,114,-845302,1364538,1140826,-223712,1315247,-677964
4755,三福化,-5132,4,上市,114,-332696,520648,930682,410034,930831,-182969
4763,材料*-KY,98168,4,上市,114,-3352378,13258890,8510178,-4748712,3201300,-4695802
4764,雙鍵,-7348,4,上市,114,-276805,1250871,1101222,-149649,280580,-146076
4766,南寶,-237927,4,上市,114,-937512,6910148,7346151,436003,3365299,-1753857
4770,上品,-7723,4,上市,114,-964061,3529854,3227950,-301904,1601514,-931634
4771,望隼,8583,4,上市,114,-1261300,1180126,989443,-190683,1076510,-14476
4807,日成-KY,11552,4,上市,114,-45345,64249,90822,26573,183194,-122828
4904,遠傳,3147,4,上市,114,-7347231,5416289,5700736,284447,32856279,-25227748
4906,正文,-132447,4,上市,114,-1085589,4696870,6031220,1334350,2760455,-208069
4912,聯德控股-KY,-52387,4,上市,114,-680407,1915075,1445923,-469152,274866,-11224
4915,致伸,-214063,4,上市,114,-2550946,13885985,12289381,-1596604,3222633,-2054228
4916,事欣科,-16901,4,上市,114,-134762,496857,1118038,621181,116327,656517
4919,新唐,-324035,4,上市,114,-1210876,5703893,7202511,1498618,-289575,3323104
4927,泰鼎-KY,154390,4,上市,114,-781071,530763,705108,174345,-415775,1216801
4930,燦星網,-122010,4,上市,114,165034,2533580,2345578,-188002,156552,-387578
4934,太極,13225,4,上市,114,-143340,549857,388331,-161526,-278344,246933
4935,茂林-KY,-132911,4,上市,114,-772494,4440799,4532752,91953,813638,183720
4938,和碩,-3347549,4,上市,114,-16832735,123086218,119380486,-3705732,19639600,-3165048
4942,嘉彰,-10661,4,上市,114,-455336,1669542,1200716,-468826,248323,-251152
4943,康控-KY,-4280,4,上市,114,-110312,93052,103213,10161,-68869,193622
4949,有成精密,-3778,4,上市,114,-41671,856943,871900,14957,142219,-81813
4952,凌通,-884,4,上市,114,-21721,874576,872252,-2324,213479,-193198
4956,光鋐,-81,4,上市,114,-107530,175846,290898,115052,280893,-58230
4958,臻鼎-KY,-2176846,4,上市,114,-31960001,79502013,71116372,-8385641,27616511,-1865305
4960,誠美材,-2965,4,上市,114,1315711,1815774,2722541,906767,-541033,135054
4961,天鈺,-27081,4,上市,114,-374809,1779772,2325895,546123,2559422,-1611409
4967,十銓,-3186,4,上市,114,-144559,2467222,708402,-1758820,-3520704,1909629
4968,立積,-46100,4,上市,114,-624107,1013365,704595,-308770,515948,-154511
4976,佳凌,,4,上市,114,-49247,1229411,940169,-289242,-67062,-172933
4977,眾達-KY,112243,4,上市,114,-52015,1022422,525545,-496877,-74119,-482986
4989,榮科,-5277,4,上市,114,-44621,434938,88420,-346518,-395081,98461
4994,傳奇,-11,4,上市,114,-9260,1299074,1052033,-247041,-200283,-37487
4999,鑫禾,-1683,4,上市,114,-1059151,1503164,287705,-1215459,-81111,-73514
5007,三星,10443,4,上市,114,-378125,1713468,1426842,-286626,1033022,-951966
5203,訊連,-11997,4,上市,114,415029,587718,590113,2395,-425202,24565
5215,科嘉-KY,-49673,4,上市,114,-551956,885052,535040,-350012,293221,-41604
5222,全訊,,4,上市,114,-274973,583482,314837,-268645,305257,-298929
5225,東科-KY,-93237,4,上市,114,-252159,2588960,1796680,-792280,382239,-829123
5234,達興材料,,4,上市,114,-212374,194873,247361,52488,980820,-715958
5236,凌陽創新,-1784,4,上市,114,-112059,2076248,2049608,-26640,544778,-457575
5243,乙盛-KY,147064,4,上市,114,-384625,3017321,4540187,1522866,2198302,-437875
5244,弘凱,3879,4,上市,114,-336308,1264116,946529,-317587,12926,1916
5258,虹堡,24574,4,上市,114,-121981,1688336,2236358,548022,780208,-134779
5269,祥碩,106372,4,上市,114,-11480872,14598161,4988751,-9609410,4070189,-2305099
5283,禾聯碩,,4,上市,114,-408332,683128,951443,268315,539589,137058
5284,jpp-KY,380595,4,上市,114,-116836,585082,642561,57479,255404,-461684
5285,界霖,19353,4,上市,114,-143545,1249038,1377765,128727,470826,-217907
5288,豐祥-KY,-173573,4,上市,114,-83227,1067079,1271467,204388,1050134,-588946
5292,華懋,-7934,4,上市,114,-1298545,1629928,952334,-677594,808484,-179599
5306,桂盟,54903,4,上市,114,-638932,2253257,2149128,-104129,1163984,-684084
5388,中磊,-123678,4,上市,114,-1662104,8305815,5759324,-2546491,1725996,-2486705
5434,崇越,-33272,4,上市,114,-975230,5162017,6828704,1666687,5143745,-2468556
5469,瀚宇博,-252229,4,上市,114,-9628692,21158826,23136146,1977320,7464674,4393567
5471,松翰,-12483,4,上市,114,-122646,1430158,1220660,-209498,95300,-169669
5484,慧友,2414,4,上市,114,-4597,95786,60723,-35063,-77544,44664
5515,建國,3849,4,上市,114,-518625,810986,2349801,1538815,2653424,-599833
5519,隆大,1747,4,上市,114,-45198,1429385,3067558,1638173,1888531,-206907
5521,工信,,4,上市,114,-1910689,1912422,2193136,280714,2567920,-376517
5522,遠雄,,4,上市,114,-504911,4360971,9971964,5610993,7243314,-1127410
5525,順天,,4,上市,114,-8077,101390,514423,413033,-1318522,1739632
5531,鄉林,-399050,4,上市,114,-162088,680996,501190,-179806,-591634,972966
5533,皇鼎,,4,上市,114,33396,3258287,2428022,-830265,-352848,-510813
5534,長虹,,4,上市,114,-60909,2054504,2338936,284432,115511,229830
5538,東明-KY,23064,4,上市,114,-206662,1126780,2064511,937731,779393,341936
5546,永固-KY,-20084,4,上市,114,-77657,148026,130866,-17160,192928,-112347
5607,遠雄港,,4,上市,114,-931184,520331,858619,338288,2094604,-825132
5608,四維航,-267324,4,上市,114,670556,2203455,1991995,-211460,1095620,-1710312
5706,鳳凰,466,4,上市,114,121082,236887,191196,-45691,358949,-526188
5871,中租-KY,412819,4,上市,114,-12333213,36201407,33923082,-2278325,20288422,-10646353
5876,上海商銀,-13606823,4,上市,114,3854751,369412598,327035031,-42377567,-29150004,-3475491
5880,合庫金,5368410,4,上市,114,-1468161,129189132,129543093,353961,6034782,-9581070
5906,台南-KY,,4,上市,114,-65621,151604,146764,-4840,121798,-61017
5907,大洋-KY,-23821,4,上市,114,-48764,831362,243883,-587479,391924,-906818
6005,群益證,6104,4,上市,114,629980,9289189,14666156,5376967,-6030221,10771104
6024,群益期,-47814,4,上市,114,-189361,3992522,7318745,3326223,2222832,1340566
6108,競國,-120907,4,上市,114,501512,2684643,3007388,322745,138666,-196526
6112,邁達特,-12156,4,上市,114,44835,1380992,1724124,343132,1066633,-756180
6115,鎰勝,43669,4,上市,114,98306,2021582,1731951,-289631,255407,-687013
6116,彩晶,-23499,4,上市,114,3939413,4413010,5091499,678489,-904255,-2333170
6117,迎廣,-9725,4,上市,114,-916412,624733,839711,214978,605567,535548
6120,達運,80026,4,上市,114,-354315,5871695,4859611,-1012084,581411,-1319206
6128,上福,56851,4,上市,114,-133128,888081,688261,-199820,206238,-329781
6133,金橋,6076,4,上市,114,-5622,400516,377098,-23418,73574,-97446
6136,富爾特,-5266,4,上市,114,-86894,296936,402038,105102,203841,-6579
6139,亞翔,316438,4,上市,114,18360,23347966,43537242,20189276,23111731,-3257253
6141,柏承,-67883,4,上市,114,18823,202086,135636,-66450,240507,-257897
6142,友勁,-6902,4,上市,114,57555,871191,800379,-70812,-110504,-10961
6152,百一,7892,4,上市,114,-15541,913195,801209,-111986,-359800,255463
6153,嘉聯益,-30256,4,上市,114,361730,2843994,2930162,86168,-668059,422753
6155,鈞寶,149,4,上市,114,138758,345838,287371,-58467,64516,-261890
6164,華興,-8702,4,上市,114,-6024,414675,399753,-14922,7398,-7594
6165,浪凡,-11155,4,上市,114,-466940,621288,1003515,382227,264550,595772
6166,凌華,-1600,4,上市,114,-127045,2055474,2458627,403153,746727,-214929
6168,宏齊,-846,4,上市,114,-29705,573197,307440,-265757,-55608,-179598
6176,瑞儀,-758822,4,上市,114,-5172549,33065727,34687934,1622207,5389383,2164195
6177,達麗,-82931,4,上市,114,208919,1274444,1038727,-235717,-339956,-21749
6183,關貿,-463,4,上市,114,-495753,1078821,767475,-311346,678479,-493609
6184,大豐電,,4,上市,114,-139365,1659639,3062007,1402368,717267,824466
6189,豐藝,8637,4,上市,114,311110,3017637,2900843,-116794,482671,-919212
6191,精成科,-387423,4,上市,114,-7831970,9641338,12909303,3267965,5501700,5985658
6192,巨路,25158,4,上市,114,-862308,2226636,1794824,-431812,934176,-528838
6196,帆宣,-293284,4,上市,114,-1142687,11442714,13013564,1570850,5661243,-2654422
6197,佳必琪,37529,4,上市,114,568208,1603816,2071557,467741,800233,-938229
6201,亞弘電,-10781,4,上市,114,-2136,653658,576994,-76664,319200,-382947
6202,盛群,-3501,4,上市,114,435094,903004,1495204,592200,380453,-219846
6205,詮欣,293,4,上市,114,-224285,792417,640635,-151782,296944,-224734
6206,飛捷,-4646,4,上市,114,-407151,2568825,2218400,-350425,935850,-874478
6209,今國光,6474,4,上市,114,-567826,383807,387932,4125,253284,312193
6213,聯茂,154085,4,上市,114,-1482261,4583412,4989377,405965,2269352,-535211
6214,精誠,-93171,4,上市,114,873114,6196885,5095330,-1101555,97609,-1979107
6215,和椿,-3101,4,上市,114,-71117,556660,401029,-155631,-100621,19208
6216,居易,,4,上市,114,66130,464948,344437,-120511,27157,-213798
6224,聚鼎,18025,4,上市,114,78378,690756,710252,19496,300878,-377785
6225,天瀚,0,4,上市,114,-7315,41715,35813,-5902,3446,-2033
6226,光鼎,5889,4,上市,114,-84447,341429,280192,-61237,1076,16245
6230,尼得科超眾,7912,4,上市,114,-119215,3208584,3300106,91522,328312,-125487
6235,華孚,-76784,4,上市,114,-883033,881995,1045200,163205,1350481,-227459
6239,力成,-735154,4,上市,114,-26023284,22238335,16375118,-5863217,16697873,4197348
6243,迅杰,,4,上市,114,-116716,638638,591541,-47097,130835,-61216
6257,矽格,33574,4,上市,114,-3632752,11249315,12718818,1469503,6416402,-1347721
6269,台郡,-154113,4,上市,114,1206857,3194566,3293251,98685,-54028,-900031
6271,同欣電,-44419,4,上市,114,-758301,3007906,4276602,1268696,3758236,-1686820
6272,驊陞,2646,4,上市,114,-174478,116526,594014,477488,393391,255929
6277,宏正,12435,4,上市,114,-340653,1128293,898036,-230257,671186,-573225
6278,台表科,44849,4,上市,114,-1670646,9297301,10601890,1304589,4810834,-1880448
6281,全國電,,4,上市,114,-576551,1577803,877370,-700433,1071371,-1195253
6282,康舒,-112033,4,上市,114,-3043261,7045569,6488454,-557115,2205087,393092
6283,淳安,-33214,4,上市,114,140428,669776,723417,53641,207967,-261540
6285,啟碁,-174697,4,上市,114,-3425996,13127054,14276301,1149247,8518355,-3768415
6405,悅城,,4,上市,114,-55013,604831,522793,-82038,-20445,-6580
6409,旭隼,-419146,4,上市,114,-394685,6556415,6415213,-141202,4616530,-3943901
6412,群電,7037,4,上市,114,-847793,4011462,4800791,789329,2055852,-425767
6414,樺漢,-71543,4,上市,114,-3567549,27891962,28685416,793454,11420867,-6988321
6415,矽力*-KY,-981773,4,上市,114,-8534152,16202550,9756361,-6446189,2304251,765485
6416,瑞祺電通,-10756,4,上市,114,-7315,487593,455388,-32205,276088,-290222
6426,統新,,4,上市,114,-13468,218288,267820,49532,83865,-20865
6431,光麗-KY,-15459,4,上市,114,14072,41586,208930,167344,-145326,314057
6438,迅得,2386,4,上市,114,-788693,2369714,1818254,-551460,-144950,379797
6442,光聖,6385,4,上市,114,-317933,2673758,7487290,4813532,2908847,2216233
6443,元晶,1143,4,上市,114,25287,622182,611512,-10670,311187,-348287
6446,藥華藥,-660745,4,上市,114,-2475125,21051091,22692972,1641881,5277677,-499926
6449,鈺邦,-17315,4,上市,114,-881694,1541797,1760348,218551,803566,313994
6451,訊芯-KY,-424937,4,上市,114,-3418063,6928431,4833360,-2095071,-789833,2537762
6456,GIS-KY,136530,4,上市,114,-4158330,11782226,9460900,-2321326,1686484,13990
6464,台數科,,4,上市,114,-549786,1210625,1073749,-136876,1315615,-902705
6472,保瑞,-499338,4,上市,114,-3379649,5829197,5076889,-752308,4503589,-1376910
6477,安集,,4,上市,114,-227721,561429,518096,-43333,558095,-373707
6491,晶碩,-25442,4,上市,114,-2136064,2002176,1708677,-293499,2658464,-790457
6504,南六,55134,4,上市,114,-265159,1264970,1302260,37290,764116,-516801
6505,台塑化,-126889,4,上市,114,4988104,22987569,47523942,24536373,43492365,-23817207
6515,穎崴,2359,4,上市,114,722182,1123987,2593851,1469864,1802778,-1057455
6525,捷敏-KY,-90323,4,上市,114,-1089874,2275498,1868250,-407248,1295498,-522549
6526,達發,15023,4,上市,114,-1285808,12056031,12742064,686033,4114903,-2158085
6531,愛普*,-129956,4,上市,114,1359820,4188544,7263192,3074648,2852558,-1007774
6533,晶心科,-1529,4,上市,114,-2445577,2082726,1419588,-663138,309922,1474046
6534,正瀚-創,-1835,4,上市,114,-140836,478855,394128,-84727,589023,-531079
6541,泰福-KY,67635,4,上市,114,301803,376959,878709,501750,-1005441,1137753
6550,北極星藥業-KY,-23099,4,上市,114,-659664,1946210,1830396,-115814,-2394291,2961240
6552,易華電,,4,上市,114,-209805,555035,617499,62464,63852,208417
6558,興能高,1317,4,上市,114,-44269,385584,445469,59885,113206,-10369
6573,虹揚-KY,-8913,4,上市,114,-418223,185105,156306,-28799,368541,29796
6579,研揚,-22366,4,上市,114,-907926,4270200,2429992,-1840208,2876,-912792
6581,鋼聯,,4,上市,114,-358499,756988,676454,-80534,984233,-706268
6582,申豐,-489,4,上市,114,-349743,255482,28471,-227011,209000,-85779
6585,鼎基,7460,4,上市,114,-188627,841277,576256,-265021,661538,-745392
6589,台康生技,1650,4,上市,114,-1222386,4097584,3526312,-571272,298010,351454
6591,動力-KY,6687,4,上市,114,-136291,748046,1090256,342210,242024,229790
6592,和潤企業,10775,4,上市,114,-3242481,4985831,4631325,-354506,6905580,-4028380
6598,ABC-KY,-23324,4,上市,114,127604,605958,464786,-141172,-226641,-18811
6605,帝寶,-149086,4,上市,114,-1903776,4045910,3641729,-404181,4129887,-2481206
6606,建德工業,494,4,上市,114,-81914,599599,84880,-514719,-22499,-410800
6614,資拓宏宇,966,4,上市,114,-46956,534782,398737,-136045,-219776,129721
6625,必應,7829,4,上市,114,-1340796,1083827,1150197,66370,598301,801036
6641,基士德-KY,-2142,4,上市,114,11942,417060,403660,-13400,29590,-52790
6645,金萬林-創,-132,4,上市,114,-62168,217857,123743,-94114,-57167,25353
6655,科定,3819,4,上市,114,-467791,116083,139556,23473,589308,-101863
6657,華安,-160,4,上市,114,91830,404506,673102,268596,-222410,399336
6658,聯策,-6159,4,上市,114,-127715,677163,767836,90673,2232,222315
6666,羅麗芬-KY,1166,4,上市,114,-292088,517319,613899,96580,497681,-110179
6668,中揚光,1998,4,上市,114,-307036,552543,369675,-182868,12218,109952
6669,緯穎,-191810,4,上市,114,-13766152,48328503,89933848,41605345,-624481,56187788
6670,復盛應用,175079,4,上市,114,-2181065,7397574,7837404,439830,3654236,-1208420
6671,三能-KY,-9360,4,上市,114,45582,405842,416934,11092,181755,-206885
6672,騰輝電子-KY,-46492,4,上市,114,-105600,965403,897196,-68207,225012,-141127
6674,鋐寶科技,872,4,上市,114,-36356,520103,355819,-164284,-121200,-7600
6689,伊雲谷,-68885,4,上市,114,-474060,1631085,1320383,-310702,360732,-128489
6691,洋基工程,4588,4,上市,114,-180497,5202604,4989354,-213250,1748685,-1786026
6695,芯鼎,4239,4,上市,114,-42222,933572,883524,-50048,4114,-16179
6698,旭暉應材,4288,4,上市,114,-35128,619609,545742,-73867,31741,-74768
6706,惠特,970,4,上市,114,-396163,1481175,1332362,-148813,-356206,602586
6715,嘉基,-19855,4,上市,114,-150084,1487738,1516777,29039,318574,-119596
6719,力智,2597,4,上市,114,-718455,1346612,1434870,88258,971924,-167808
6722,輝創,26064,4,上市,114,-432027,711123,800953,89830,467294,28499
6742,澤米,-23436,4,上市,114,-62369,918519,777106,-141413,-13218,-42390
6743,安普新,247014,4,上市,114,-446449,370058,248826,-121232,124813,-46610
6753,龍德造船,350,4,上市,114,-940989,2829804,3239995,410191,1380522,-29692
6754,匯僑設計,-7739,4,上市,114,-40357,1406448,1835448,429000,787452,-310356
6756,威鋒電子,-6745,4,上市,114,-251205,1217459,998203,-219256,75337,-36643
6757,台灣虎航,-229603,4,上市,114,-2724026,11528209,10795952,-732257,6881646,-4660274
6768,志強-KY,-492683,4,上市,114,-2001507,7907300,5366890,-2540410,1976807,-2023027
6770,力積電,-393,4,上市,114,3553596,18355000,24214750,5859750,7823459,-5516912
6771,平和環保-創,,4,上市,114,-11906,207151,298562,91411,170302,-66985
6776,展碁國際,-24905,4,上市,114,-521539,633131,656087,22956,-663257,1232657
6781,AES-KY,-85735,4,上市,114,-436732,4885933,6302350,1416417,2678073,-739189
6782,視陽,29758,4,上市,114,-732146,757453,708369,-49084,1352327,-699023
6789,采鈺,,4,上市,114,-1762750,13422209,11534487,-1887722,3671576,-3796548
6790,永豐實,-51025,4,上市,114,-1271864,1969521,1404678,-564843,1251261,-493215
6792,詠業,-2543,4,上市,114,99590,573584,732020,158436,232885,-171496
6794,向榮生技,,4,上市,114,-173490,9571,40840,31269,-91310,296069
6796,晉弘,-200,4,上市,114,-39652,375159,539001,163842,-16157,219851
6799,來頡,-794,4,上市,114,-334056,340932,316795,-24137,357407,-46694
6805,富世達,103733,4,上市,114,-362236,6336310,7445787,1109477,1971351,-603371
6807,峰源-KY,2284,4,上市,114,-120821,1077470,829344,-248126,114334,-243923
6830,汎銓,-48129,4,上市,114,-1187468,1181200,819255,-361945,742835,130817
6831,邁科,15795,4,上市,114,-441830,527687,1106146,578459,-240411,1244905
6834,天二科技,-685,4,上市,114,-173812,321464,327074,5610,129041,51066
6835,圓裕,25363,4,上市,114,-656483,2124224,1707834,-416390,83776,130954
6838,台新藥,-13941,4,上市,114,-68290,425785,241785,-184000,-95643,-6126
6854,錼創科技-KY創,14859,4,上市,114,-557184,805973,2214943,1408970,-692720,2644015
6861,睿生光電,4472,4,上市,114,-67160,774981,869065,94084,271596,-114824
6862,三集瑞-KY,-5286,4,上市,114,-1055518,1033514,717589,-315925,585613,159266
6863,永道-KY,-16454,4,上市,114,-735872,2384419,2609009,224590,807410,169506
6869,雲豹能源,-27711,4,上市,114,-209609,2321664,2126038,-195626,-369904,411598
6873,泓德能源,-154832,4,上市,114,-7259118,4593322,2367671,-2225651,-2739331,7927630
6885,全福生技,-75,4,上市,114,649938,502759,798429,295670,-329171,-25022
6887,寶綠特-KY,-35610,4,上市,114,-101562,1300669,1845482,544813,239015,442970
6890,來億-KY,172627,4,上市,114,-1488863,3966034,7988223,4022189,3815515,1522910
6901,鑽石投資,,4,上市,114,2902392,126228,2756498,2630270,-264057,-8065
6902,GOGOLOOK,7706,4,上市,114,-82445,237707,309992,72285,-157325,304349
6906,現觀科,-2564,4,上市,114,5642,856246,620102,-236144,60459,-299681
6908,宏碁遊戲-創,-1573,4,上市,114,-478507,1452949,1117127,-335822,251914,-107656
6909,創控,,4,上市,114,-274661,426580,348226,-78354,60506,135801
6914,阜爾運通,,4,上市,114,-767201,1681111,1404996,-276115,2913658,-2422572
6916,華凌,-22188,4,上市,114,-302842,700237,434090,-266147,-59880,118763
6918,愛派司,1133,4,上市,114,-73507,360968,604351,243383,158912,156845
6919,康霈*,52238,4,上市,114,-5624274,6901490,784441,-6117049,-425901,-119112
6921,嘉雨思-創,,4,上市,114,-13367,123170,138321,15151,-30397,58915
6923,中台,-68,4,上市,114,-439266,592101,78447,-513654,417953,-492273
6924,榮惠-KY創,-1448,4,上市,114,-10325,340899,398888,57989,205258,-135496
6928,攸泰科技,3435,4,上市,114,348743,599227,986714,387487,129163,-93854
6931,青松健康,,4,上市,114,-82131,286029,398394,112365,-71630,266126
6933,AMAX-KY,-55307,4,上市,114,5758,1607441,863697,-743744,-1017779,323584
6934,心誠鎂,5,4,上市,114,-74526,65825,138545,72720,-66127,213368
6936,永鴻生技,,4,上市,114,-336768,96454,121926,25472,288932,73308
6937,天虹,-364,4,上市,114,193104,440665,617505,176840,37639,-53539
6944,兆聯實業,27893,4,上市,114,-1092560,3058714,6679295,3620581,2944745,1740503
6947,台鎔科技,,4,上市,114,-1084985,285479,336945,51466,197784,938667
6949,沛爾生醫*-創,,4,上市,114,-497142,427366,306699,-120667,-281287,657762
6951,青新-創,,4,上市,114,-331374,328264,291461,-36803,472358,-177787
6952,大武山,,4,上市,114,-557446,403869,187898,-215971,120914,220561
6955,邦睿生技-創,355,4,上市,114,-218661,410169,271245,-138924,99992,-20610
6957,裕慶-KY,-12456,4,上市,114,-169909,1080810,1066939,-13871,569652,-401158
6958,日盛台駿,87860,4,上市,114,-4695016,2971332,4514216,1542884,17210147,-11060107
6962,奕力-KY,629,4,上市,114,-4272955,7072138,1917603,-5154535,249364,-1131573
6965,中傑-KY,-416322,4,上市,114,-1357916,3603548,4287778,684230,1961868,496600
6969,成信實業*-創,,4,上市,114,-17886,68982,77064,8082,115477,-89509
6988,威力暘-創,2010,4,上市,114,-23936,379377,366309,-13068,115616,-106758
6994,富威電力,1247,4,上市,114,-620448,162616,573909,411293,56634,973860
7610,聯友金屬-創,,4,上市,114,-185941,84746,261172,176426,-360676,723043
7631,聚賢研發-創,2781,4,上市,114,-35564,208743,610574,401831,216241,218373
7689,大鵬科CLMX,-394,4,上市,114,-1285526,413889,364588,-49301,118220,1118399
7705,三商餐飲,-922,4,上市,114,-393606,144152,383200,239048,945162,-311586
7711,永擎,-4,4,上市,114,-31675,738665,4119409,3380744,1128219,2284204
7721,微程式,241,4,上市,114,-288449,200204,288455,88251,175761,200698
7722,LINEPAY,-45111,4,上市,114,-341081,9887873,9634643,-253230,320871,-187909
7730,暉盛-創,-36,4,上市,114,-62604,465474,543381,77907,4031,136516
7732,金興精密,13412,4,上市,114,-168371,374278,451012,76734,158645,73048
7736,虎山,-3740,4,上市,114,-197757,648730,1293988,645258,329099,517656
7740,熙特爾-創,-2053,4,上市,114,-487195,550289,1361790,811501,532616,768133
7749,意騰-KY,7697,4,上市,114,-1260608,578198,1816887,1238689,638060,1853540
7750,新代,66511,4,上市,114,-843342,1873081,7707263,5834182,2767814,3843199
7760,享溫馨,,4,上市,114,-227455,146822,174547,27725,183936,71244
7765,中華資安,,4,上市,114,-532460,639772,1198460,558688,416698,674450
7768,頌勝科技,-8176,4,上市,114,-713498,608680,902437,293757,248260,767171
7769,鴻勁,-1912,4,上市,114,568638,6024608,53426985,47402377,16185750,30649901
7780,大研生醫*,39165,4,上市,114,-3035235,1139724,2236290,1096566,272590,3820046
7786,東方風能,,4,上市,114,-5903885,1720568,1690712,-29856,2179380,3694649
7788,松川精密,-1764,4,上市,114,-498426,1940848,2142454,201606,431461,270335
7791,皇家可口,0,4,上市,114,-221740,172256,678526,506270,294720,433290
7795,長廣,367,4,上市,114,-36466,1717929,1131920,-586009,-92867,-457043
7799,禾榮科,,4,上市,114,-8761695,723966,2348611,1624645,-484401,10870741
7803,雲象科技-創,1368,4,上市,114,75717,619563,568250,-51313,-109381,-19017
7818,溢泰實業,8856,4,上市,114,-272617,1264736,998662,-266074,1614803,-1617116
7821,神數,-14114,4,上市,114,-192410,2797274,2711936,-85338,231657,-110471
7822,倍利科,,4,上市,114,-91476,265519,1152718,887199,960214,18461
7823,奧義賽博-KY創,-308,4,上市,114,1141,267865,487153,219288,32683,185772
7827,漢康-KY創,31114,4,上市,114,-5182,405498,1064402,658904,-318418,951390
7835,永悅健康-創,-1366,4,上市,114,26213,195867,247426,51559,-51644,78356
7855,和運租車,,4,上市,114,-21381404,368589,366543,-2046,20158882,1220476
8011,台通,417,4,上市,114,-94686,493520,979067,485547,711386,-131570
8016,矽創,-27898,4,上市,114,1290937,3866143,5731747,1865604,3105410,-2502845
8021,尖點,-30919,4,上市,114,-708831,2012970,1813992,-198978,676835,-136063
8028,昇陽半導體,,4,上市,114,-3188983,1287357,1000272,-287085,1401133,1500765
8033,雷虎,-14687,4,上市,114,-301629,308425,235774,-72651,-53401,297066
8039,台虹,9664,4,上市,114,-209721,2889347,2878143,-11204,707466,-518613
8045,達運光電,-17597,4,上市,114,-21242,864502,344685,-519817,-207678,-273300
8046,南電,-308775,4,上市,114,-1722662,8480692,8589500,108808,3026994,-886749
8070,長華*,-190514,4,上市,114,-937826,7098817,7386449,287632,2637990,-1222018
8072,陞泰,14038,4,上市,114,-168119,626162,272851,-353311,-108034,-91196
8081,致新,183,4,上市,114,-54294,4729694,4539798,-189896,1282735,-1418520
8101,華冠,-7678,4,上市,114,-10710,40407,50390,9983,-68578,96949
8103,瀚荃,-7440,4,上市,114,-219256,2326664,2471875,145211,646231,-274324
8104,錸寶,62,4,上市,114,-1817986,1571188,1318296,-252892,-226104,1791136
8105,凌巨,-14172,4,上市,114,-233900,2412110,2309837,-102273,421140,-275341
8110,華東,105421,4,上市,114,-563844,2516207,3131317,615110,1304804,-231271
8112,至上,-528653,4,上市,114,-493593,4710729,8999603,4288874,-16504606,21815726
8114,振樺電,-68449,4,上市,114,-1382551,3813326,5752224,1938898,5213316,-1823418
8131,福懋科,,4,上市,114,-857118,5170498,4056111,-1114387,427494,-684763
8150,南茂,-9895,4,上市,114,-3739487,15219039,14858903,-360136,3996440,-607194
8162,微矽電子-創,,4,上市,114,-523339,328234,294127,-34107,405936,83296
8163,達方,-82591,4,上市,114,-732804,5544288,6261578,717290,999608,533077
8201,無敵,181,4,上市,114,-5853,255826,254980,-846,8881,-4055
8210,勤誠,-509,4,上市,114,-493266,3799819,5688287,1888468,3086926,-704683
8213,志超,112779,4,上市,114,-3865709,11340638,8047207,-3293431,604570,-145071
8215,明基材,10697,4,上市,114,-1778955,684063,729256,45193,402684,1410767
8222,寶一,,4,上市,114,-97095,222419,178598,-43821,14671,38603
8249,菱光,-47140,4,上市,114,-174726,3103866,3056458,-47408,259416,-84958
8261,富鼎,-5603,4,上市,114,452739,662988,1318850,655862,576955,-368229
8271,宇瞻,-18540,4,上市,114,873786,1072751,852913,-219838,-2053538,978454
8341,日友,-19372,4,上市,114,-369811,741113,655554,-85559,1462049,-1158425
8367,建新國際,,4,上市,114,-1075098,683376,577395,-105981,1123189,-154072
8374,羅昇,26408,4,上市,114,-72687,1237604,1140155,-97449,308480,-359650
8404,百和興業-KY,-72590,4,上市,114,-1595800,1581668,2215748,634080,1027960,1274510
8411,福貞-KY,18483,4,上市,114,-335494,1547536,1717966,170430,705179,-217738
8422,可寧衛*,101,4,上市,114,-2228694,2308637,3222639,914002,2124700,1017895
8429,金麗-KY,17824,4,上市,114,-72,4783406,4822372,38966,13442,7772
8438,昶昕,-310,4,上市,114,-60073,490296,554451,64155,256237,-131699
8442,威宏-KY,-124079,4,上市,114,-235778,1166717,917814,-248903,38148,72806
8443,阿瘦,0,4,上市,114,-765,230468,209429,-21039,137714,-157988
8454,富邦媒,3131,4,上市,114,-2061325,5059526,2241322,-2818204,3355363,-4115373
8462,柏文,,4,上市,114,-678111,935776,1247828,312052,2219894,-1229731
8463,潤泰材,,4,上市,114,-565096,905794,381163,-524631,241225,-200760
8464,億豐,62215,4,上市,114,-1612978,15856666,16872121,1015455,7052028,-4485810
8466,美吉吉-KY,-24986,4,上市,114,43117,904626,1628790,724164,578340,127693
8467,波力-KY,-14166,4,上市,114,-200798,1458595,2164653,706058,985887,-64865
8473,山林水,,4,上市,114,-241717,2750908,3778726,1027818,1640167,-370632
8476,台境*,18,4,上市,114,-56169,254028,238239,-15789,-277302,317664
8478,東哥遊艇,-210143,4,上市,114,-810336,2498689,2861968,363279,796683,587075
8481,政伸,-4631,4,上市,114,-369476,665147,427942,-237205,313957,-177055
8482,商億-KY,-42567,4,上市,114,-275596,1112760,668880,-443880,370509,-496226
8487,愛爾達-創,335,4,上市,114,167429,335422,181554,-153868,-159351,-162281
8488,吉源-KY,-10076,4,上市,114,-136025,784309,544314,-239995,28327,-122221
8499,鼎炫-KY,-475930,4,上市,114,-4476612,5979787,1538955,-4440832,488449,23261
8926,台汽電,-328,4,上市,114,-4603079,1843366,2097664,254298,3014767,1842938
8940,新天地,,4,上市,114,-103805,305708,264348,-41360,237308,-174863
8996,高力,5432,4,上市,114,-218861,1871305,1676895,-194410,597889,-578870
9802,鈺齊-KY,-9665,4,上市,114,-2314019,3378425,2364689,-1013736,1939493,-629545
9902,台火,,4,上市,114,-23045,181968,233786,51818,102909,-28046
9904,寶成,-1263146,4,上市,114,-13507009,29926773,27293976,-2632797,14880524,-2743166
9905,大華,-19415,4,上市,114,173223,662151,997109,334958,519547,-338397
9906,欣巴巴,,4,上市,114,-5074,1365148,321178,-1043970,-1619283,580387
9907,統一實,32949,4,上市,114,-2052988,4043771,4034885,-8886,5550022,-3538869
9908,大台北,,4,上市,114,-1306869,2903616,1991913,-911703,1028657,-633491
9910,豐泰,-361200,4,上市,114,-2437636,5140543,5282741,142198,8722059,-5781025
9911,櫻花,-3269,4,上市,114,-415814,2409248,2157010,-252238,1329645,-1162800
9912,偉聯,16451,4,上市,114,-7354,76577,93241,16664,-36018,43585
9914,美利達,7606,4,上市,114,2403,3640467,3576596,-63871,2441471,-2515351
9917,中保科,0,4,上市,114,-1644392,5459747,5847304,387557,4319530,-2287581
9918,欣天然,,4,上市,114,-286360,531608,609384,77776,654133,-289997
9919,康那香,-6106,4,上市,114,-136509,1630376,1317958,-312418,-97975,-71828
9921,巨大,-77474,4,上市,114,-1940427,13998819,12298072,-1700747,11148175,-10831021
9924,福興,-21328,4,上市,114,-301328,2582187,1705253,-876934,303606,-857884
9925,新保,-988,4,上市,114,-227903,3891045,3734420,-156625,1573114,-1500848
9926,新海,,4,上市,114,-800080,770299,422803,-347496,809131,-356547
9927,泰銘,-35095,4,上市,114,-15266,2447425,1332020,-1115405,450582,-1515626
9928,中視,,4,上市,114,-22441,184474,137866,-46608,-58609,34442
9929,秋雨,,4,上市,114,-38498,308769,265169,-43600,145728,-150830
9930,中聯資源,-17123,4,上市,114,-433281,490442,352883,-137559,1890583,-1577738
9931,欣高,,4,上市,114,-522132,317589,339804,22215,682894,-138547
9933,中鼎,,4,上市,114,5724536,21116610,36187354,15070744,9712115,-365907
9934,成霖,3430,4,上市,114,-132134,3309690,2879380,-430310,475028,-776634
9935,慶豐富,-53228,4,上市,114,-674952,621137,388015,-233122,495772,-714
9937,全國,,4,上市,114,-79665,537746,380152,-157594,987549,-1065478
9938,百和,-217580,4,上市,114,-1935907,3727681,4120263,392582,2334647,211422
9939,宏全,-90159,4,上市,114,-7912727,4847741,3922004,-925737,5566764,1510385
9940,信義,-147255,4,上市,114,659376,4205337,4474574,269237,1738909,-1981793
9941,裕融,-72976,4,上市,114,-5261219,6078436,6995156,916720,17110851,-10859936
9942,茂順,12987,4,上市,114,-422075,433850,343462,-90388,914318,-595618
9943,好樂迪,0,4,上市,114,277319,361041,369086,8045,592625,-861899
9944,新麗,-79206,4,上市,114,-238803,2319329,1759861,-559468,168521,-409980
9945,潤泰新,-36246,4,上市,114,-889677,5923952,5345928,-578024,5416252,-5068353
9946,三發地產,,4,上市,114,121936,2151518,1376713,-774805,-456283,-440458
9955,佳龍,2188,4,上市,114,19251,108812,83445,-25367,-105621,58815
9958,世紀鋼,3237,4,上市,114,-1204044,6574329,11477284,4902955,7260940,-1157178
