date,code,name,close,score,timing,flags
2026-09-24,1560,中砂,971,0.985,T1+T2,月營收創 12 個月新高且 3 月累計年增、近四季 EPS 年增、單季 EPS 創近 4 季新高、營益率創近 4 季新高
2026-09-24,1727,中華化,115.5,0.962,T1+T2,月營收創 12 個月新高且 3 月累計年增、近四季 EPS 年增、單季 EPS 創近 4 季新高、營益率創近 4 季新高
2026-09-24,2305,全友,62.9,0.961,T1+T2,月營收創 12 個月新高且 3 月累計年增、單季 EPS 創近 4 季新高、營益率創近 4 季新高
2026-09-24,2455,全新,554,0.984,T1,月營收創 12 個月新高且 3 月累計年增、近四季 EPS 年增、單季 EPS 創近 4 季新高
2026-09-24,3016,嘉晶,160,0.980,T1+T2,月營收創 12 個月新高且 3 月累計年增、近四季 EPS 年增、單季 EPS 創近 4 季新高、營益率創近 4 季新高
2026-09-24,3017,奇鋐,3555,0.952,T1+T2,月營收創 12 個月新高且 3 月累計年增、近四季 EPS 年增、單季 EPS 創近 4 季新高、營益率創近 4 季新高
2026-09-24,3026,禾伸堂,810,0.957,T1+T2,單月營收年增 > 20%、近四季 EPS 年增、單季 EPS 創近 4 季新高、營益率創近 4 季新高
2026-09-24,3037,欣興,1185,0.959,T1+T2,月營收創 12 個月新高且 3 月累計年增、近四季 EPS 年增、單季 EPS 創近 4 季新高、營益率創近 4 季新高
2026-09-24,3094,聯傑,54.3,0.969,T1+T2,單月營收年增 > 20%、近四季 EPS 年增、單季 EPS 創近 4 季新高、營益率創近 4 季新高
2026-09-24,3105,穩懋,502,0.975,T1,月營收創 12 個月新高且 3 月累計年增、營益率創近 4 季新高
2026-09-24,3167,大量,949,0.967,T1+T2,月營收創 12 個月新高且 3 月累計年增、近四季 EPS 年增、單季 EPS 創近 4 季新高、營益率創近 4 季新高
2026-09-24,3219,倚強科,114.5,0.951,T1+T2,月營收創 12 個月新高且 3 月累計年增、近四季 EPS 年增、單季 EPS 創近 4 季新高、營益率創近 4 季新高
2026-09-24,3324,雙鴻,1710,0.998,T1+T2,單月營收年增 > 20%、近四季 EPS 年增
2026-09-24,3374,精材,449,0.987,T1,月營收創 12 個月新高且 3 月累計年增、近四季 EPS 年增
2026-09-24,3443,創意,8525,0.977,T1+T2,月營收創 12 個月新高且 3 月累計年增、近四季 EPS 年增
2026-09-24,3605,宏致,183.5,0.969,T1+T2,近四季 EPS 年增、營益率創近 4 季新高
2026-09-24,3653,健策,6920,0.962,T1+T2,月營收創 12 個月新高且 3 月累計年增、近四季 EPS 年增、單季 EPS 創近 4 季新高、營益率創近 4 季新高
2026-09-24,3680,家登,542,0.951,T1,單月營收年增 > 20%、近四季 EPS 年增、單季 EPS 創近 4 季新高
2026-09-24,3693,營邦,729,0.995,T1,月營收創 12 個月新高且 3 月累計年增、單季 EPS 創近 4 季新高、營益率創近 4 季新高
2026-09-24,4770,上品,281.5,0.974,T1+T2,單季 EPS 創近 4 季新高、營益率創近 4 季新高
2026-09-24,4967,十銓,272.5,0.952,T1,單月營收年增 > 20%、近四季 EPS 年增、營益率創近 4 季新高
2026-09-24,5274,信驊,19835,0.993,T1+T2,月營收創 12 個月新高且 3 月累計年增、近四季 EPS 年增、單季 EPS 創近 4 季新高、營益率創近 4 季新高
2026-09-24,6168,宏齊,44,0.965,T1+T2,月營收創 12 個月新高且 3 月累計年增、單季 EPS 創近 4 季新高
2026-09-24,6218,豪勉,63.6,0.970,T1+T2,單月營收年增 > 20%、單季 EPS 創近 4 季新高、營益率創近 4 季新高
2026-09-24,6426,統新,389,1.000,T1+T2,單月營收年增 > 20%、單季 EPS 創近 4 季新高、營益率創近 4 季新高
2026-09-24,6526,達發,840,0.977,T1+T2,月營收創 12 個月新高且 3 月累計年增、近四季 EPS 年增、單季 EPS 創近 4 季新高
2026-09-24,6531,愛普*,993,0.980,T1+T2,單月營收年增 > 20%、近四季 EPS 年增、營益率創近 4 季新高
2026-09-24,6538,倉和,398,0.989,T1,月營收創 12 個月新高且 3 月累計年增、單季 EPS 創近 4 季新高、營益率創近 4 季新高
2026-09-24,6672,騰輝電子-KY,337.5,0.956,T1+T2,月營收創 12 個月新高且 3 月累計年增、近四季 EPS 年增、單季 EPS 創近 4 季新高、營益率創近 4 季新高
2026-09-24,6727,亞泰金屬,505,0.959,T1,近四季 EPS 年增、單季 EPS 創近 4 季新高、營益率創近 4 季新高
2026-09-24,6805,富世達,2530,0.972,T1+T2,單月營收年增 > 20%、近四季 EPS 年增、營益率創近 4 季新高
2026-09-24,7792,安葆,435.5,0.982,T1+T2,單月營收年增 > 20%、單季 EPS 創近 4 季新高、營益率創近 4 季新高
2026-09-24,8227,巨有科技,306.5,0.997,T1+T2,單月營收年增 > 20%、近四季 EPS 年增、單季 EPS 創近 4 季新高
2026-09-29,1560,中砂,956,0.989,T1+T2,月營收創 12 個月新高且 3 月累計年增、近四季 EPS 年增、單季 EPS 創近 4 季新高、營益率創近 4 季新高
2026-09-29,1727,中華化,118.5,0.961,T1,月營收創 12 個月新高且 3 月累計年增、近四季 EPS 年增、單季 EPS 創近 4 季新高、營益率創近 4 季新高
2026-09-29,2455,全新,543,0.980,T1,月營收創 12 個月新高且 3 月累計年增、近四季 EPS 年增、單季 EPS 創近 4 季新高
2026-09-29,3016,嘉晶,172.5,0.992,T1+T2,月營收創 12 個月新高且 3 月累計年增、近四季 EPS 年增、單季 EPS 創近 4 季新高、營益率創近 4 季新高
2026-09-29,3037,欣興,1165,0.959,T1+T2,月營收創 12 個月新高且 3 月累計年增、近四季 EPS 年增、單季 EPS 創近 4 季新高、營益率創近 4 季新高
2026-09-29,3094,聯傑,59.7,0.967,T1,單月營收年增 > 20%、近四季 EPS 年增、單季 EPS 創近 4 季新高、營益率創近 4 季新高
2026-09-29,3105,穩懋,493,0.974,T1,月營收創 12 個月新高且 3 月累計年增、營益率創近 4 季新高
2026-09-29,3324,雙鴻,1630,1.000,T1,單月營收年增 > 20%、近四季 EPS 年增
2026-09-29,3374,精材,455,0.979,T1,月營收創 12 個月新高且 3 月累計年增、近四季 EPS 年增
2026-09-29,3443,創意,7925,0.982,T1+T2,月營收創 12 個月新高且 3 月累計年增、近四季 EPS 年增
2026-09-29,3605,宏致,182.5,0.969,T1+T2,近四季 EPS 年增、營益率創近 4 季新高
2026-09-29,3653,健策,6895,0.964,T1+T2,月營收創 12 個月新高且 3 月累計年增、近四季 EPS 年增、單季 EPS 創近 4 季新高、營益率創近 4 季新高
2026-09-29,3693,營邦,702,0.995,T1,月營收創 12 個月新高且 3 月累計年增、單季 EPS 創近 4 季新高、營益率創近 4 季新高
2026-09-29,4770,上品,286.5,0.972,T1+T2,單季 EPS 創近 4 季新高、營益率創近 4 季新高
2026-09-29,5274,信驊,19395,0.993,T1,月營收創 12 個月新高且 3 月累計年增、近四季 EPS 年增、單季 EPS 創近 4 季新高、營益率創近 4 季新高
2026-09-29,6168,宏齊,45.2,0.962,T1+T2,月營收創 12 個月新高且 3 月累計年增、單季 EPS 創近 4 季新高
2026-09-29,6218,豪勉,63.2,0.965,T1+T2,單月營收年增 > 20%、單季 EPS 創近 4 季新高、營益率創近 4 季新高
2026-09-29,6426,統新,354,0.998,T1,單月營收年增 > 20%、單季 EPS 創近 4 季新高、營益率創近 4 季新高
2026-09-29,6526,達發,814,0.977,T1,月營收創 12 個月新高且 3 月累計年增、近四季 EPS 年增、單季 EPS 創近 4 季新高
2026-09-29,6531,愛普*,929,0.975,T1,單月營收年增 > 20%、近四季 EPS 年增、營益率創近 4 季新高
2026-09-29,6538,倉和,358.5,0.985,T1,月營收創 12 個月新高且 3 月累計年增、單季 EPS 創近 4 季新高、營益率創近 4 季新高
2026-09-29,6672,騰輝電子-KY,335.5,0.951,T1+T2,月營收創 12 個月新高且 3 月累計年增、近四季 EPS 年增、單季 EPS 創近 4 季新高、營益率創近 4 季新高
2026-09-29,6805,富世達,2515,0.970,T1,單月營收年增 > 20%、近四季 EPS 年增、營益率創近 4 季新高
2026-09-29,7792,安葆,416,0.987,T1+T2,單月營收年增 > 20%、單季 EPS 創近 4 季新高、營益率創近 4 季新高
2026-09-29,8227,巨有科技,337,0.997,T1+T2,單月營收年增 > 20%、近四季 EPS 年增、單季 EPS 創近 4 季新高
2026-09-30,1560,中砂,963,0.993,T1+T2,月營收創 12 個月新高且 3 月累計年增、近四季 EPS 年增、單季 EPS 創近 4 季新高、營益率創近 4 季新高
2026-09-30,2455,全新,552,0.977,T1,月營收創 12 個月新高且 3 月累計年增、近四季 EPS 年增、單季 EPS 創近 4 季新高
2026-09-30,3016,嘉晶,169,0.990,T1+T2,月營收創 12 個月新高且 3 月累計年增、近四季 EPS 年增、單季 EPS 創近 4 季新高、營益率創近 4 季新高
2026-09-30,3037,欣興,1175,0.972,T1+T2,月營收創 12 個月新高且 3 月累計年增、近四季 EPS 年增、單季 EPS 創近 4 季新高、營益率創近 4 季新高
2026-09-30,3094,聯傑,61.6,0.974,T1,單月營收年增 > 20%、近四季 EPS 年增、單季 EPS 創近 4 季新高、營益率創近 4 季新高
2026-09-30,3105,穩懋,542,0.989,T1,月營收創 12 個月新高且 3 月累計年增、營益率創近 4 季新高
2026-09-30,3324,雙鴻,1530,0.997,T1,單月營收年增 > 20%、近四季 EPS 年增
2026-09-30,3374,精材,454.5,0.952,T1,月營收創 12 個月新高且 3 月累計年增、近四季 EPS 年增
2026-09-30,3443,創意,8040,0.984,T1,月營收創 12 個月新高且 3 月累計年增、近四季 EPS 年增
2026-09-30,3605,宏致,170.5,0.962,T1,近四季 EPS 年增、營益率創近 4 季新高
2026-09-30,3680,家登,555,0.951,T1,單月營收年增 > 20%、近四季 EPS 年增、單季 EPS 創近 4 季新高
2026-09-30,3693,營邦,687,0.995,T1,月營收創 12 個月新高且 3 月累計年增、單季 EPS 創近 4 季新高、營益率創近 4 季新高
2026-09-30,4770,上品,282,0.975,T1,單季 EPS 創近 4 季新高、營益率創近 4 季新高
2026-09-30,5274,信驊,18750,0.985,T1,月營收創 12 個月新高且 3 月累計年增、近四季 EPS 年增、單季 EPS 創近 4 季新高、營益率創近 4 季新高
2026-09-30,6168,宏齊,45.25,0.964,T1+T2,月營收創 12 個月新高且 3 月累計年增、單季 EPS 創近 4 季新高
2026-09-30,6218,豪勉,61.9,0.967,T1,單月營收年增 > 20%、單季 EPS 創近 4 季新高、營益率創近 4 季新高
2026-09-30,6426,統新,345,0.998,T1,單月營收年增 > 20%、單季 EPS 創近 4 季新高、營益率創近 4 季新高
2026-09-30,6526,達發,840,0.980,T1+T2,月營收創 12 個月新高且 3 月累計年增、近四季 EPS 年增、單季 EPS 創近 4 季新高
2026-09-30,6531,愛普*,927,0.969,T1,單月營收年增 > 20%、近四季 EPS 年增、營益率創近 4 季新高
2026-09-30,6538,倉和,356,0.982,T1,月營收創 12 個月新高且 3 月累計年增、單季 EPS 創近 4 季新高、營益率創近 4 季新高
2026-09-30,6672,騰輝電子-KY,369,0.959,T1+T2,月營收創 12 個月新高且 3 月累計年增、近四季 EPS 年增、單季 EPS 創近 4 季新高、營益率創近 4 季新高
2026-09-30,6805,富世達,2455,0.970,T1,單月營收年增 > 20%、近四季 EPS 年增、營益率創近 4 季新高
2026-09-30,7792,安葆,424,0.987,T1+T2,單月營收年增 > 20%、單季 EPS 創近 4 季新高、營益率創近 4 季新高
2026-09-30,8150,南茂,114.5,0.965,T1+T2,單月營收年增 > 20%、近四季 EPS 年增、單季 EPS 創近 4 季新高、營益率創近 4 季新高
2026-09-30,8227,巨有科技,370.5,1.000,T1+T2,單月營收年增 > 20%、近四季 EPS 年增、單季 EPS 創近 4 季新高
2026-10-01,1560,中砂,1000,0.995,T1,月營收創 12 個月新高且 3 月累計年增、近四季 EPS 年增、單季 EPS 創近 4 季新高、營益率創近 4 季新高
2026-10-01,2455,全新,546,0.962,T1,月營收創 12 個月新高且 3 月累計年增、近四季 EPS 年增、單季 EPS 創近 4 季新高
2026-10-01,3016,嘉晶,168,0.997,T1+T2,月營收創 12 個月新高且 3 月累計年增、近四季 EPS 年增、單季 EPS 創近 4 季新高、營益率創近 4 季新高
2026-10-01,3037,欣興,1215,0.975,T1+T2,月營收創 12 個月新高且 3 月累計年增、近四季 EPS 年增、單季 EPS 創近 4 季新高、營益率創近 4 季新高
2026-10-01,3042,晶技,218.5,0.960,T1+T2,月營收創 12 個月新高且 3 月累計年增、近四季 EPS 年增、單季 EPS 創近 4 季新高、營益率創近 4 季新高
2026-10-01,3094,聯傑,67.7,0.977,T1+T2,單月營收年增 > 20%、近四季 EPS 年增、單季 EPS 創近 4 季新高、營益率創近 4 季新高
2026-10-01,3105,穩懋,538,0.970,T1,月營收創 12 個月新高且 3 月累計年增、營益率創近 4 季新高
2026-10-01,3324,雙鴻,1525,0.982,T1,單月營收年增 > 20%、近四季 EPS 年增
2026-10-01,3374,精材,456,0.955,T1,月營收創 12 個月新高且 3 月累計年增、近四季 EPS 年增
2026-10-01,3443,創意,7900,0.990,T1,月營收創 12 個月新高且 3 月累計年增、近四季 EPS 年增
2026-10-01,3605,宏致,178,0.980,T1+T2,近四季 EPS 年增、營益率創近 4 季新高
2026-10-01,3653,健策,6875,0.959,T1+T2,月營收創 12 個月新高且 3 月累計年增、近四季 EPS 年增、單季 EPS 創近 4 季新高、營益率創近 4 季新高
2026-10-01,3693,營邦,664,0.993,T1,月營收創 12 個月新高且 3 月累計年增、單季 EPS 創近 4 季新高、營益率創近 4 季新高
2026-10-01,4770,上品,275,0.951,T1,單季 EPS 創近 4 季新高、營益率創近 4 季新高
2026-10-01,5274,信驊,19040,0.988,T1,月營收創 12 個月新高且 3 月累計年增、近四季 EPS 年增、單季 EPS 創近 4 季新高、營益率創近 4 季新高
2026-10-01,6168,宏齊,47,0.967,T1+T2,月營收創 12 個月新高且 3 月累計年增、單季 EPS 創近 4 季新高
2026-10-01,6218,豪勉,62.8,0.965,T1+T2,單月營收年增 > 20%、單季 EPS 創近 4 季新高、營益率創近 4 季新高
2026-10-01,6426,統新,339.5,0.998,T1,單月營收年增 > 20%、單季 EPS 創近 4 季新高、營益率創近 4 季新高
2026-10-01,6526,達發,829,0.974,T1,月營收創 12 個月新高且 3 月累計年增、近四季 EPS 年增、單季 EPS 創近 4 季新高
2026-10-01,6531,愛普*,933,0.972,T1,單月營收年增 > 20%、近四季 EPS 年增、營益率創近 4 季新高
2026-10-01,6538,倉和,369.5,0.985,T1,月營收創 12 個月新高且 3 月累計年增、單季 EPS 創近 4 季新高、營益率創近 4 季新高
2026-10-01,6672,騰輝電子-KY,405.5,0.984,T1+T2,月營收創 12 個月新高且 3 月累計年增、近四季 EPS 年增、單季 EPS 創近 4 季新高、營益率創近 4 季新高
2026-10-01,6805,富世達,2390,0.969,T1,單月營收年增 > 20%、近四季 EPS 年增、營益率創近 4 季新高
2026-10-01,7792,安葆,421,0.987,T1+T2,單月營收年增 > 20%、單季 EPS 創近 4 季新高、營益率創近 4 季新高
2026-10-01,8227,巨有科技,363.5,1.000,T1+T2,單月營收年增 > 20%、近四季 EPS 年增、單季 EPS 創近 4 季新高
2026-10-02,1560,中砂,1015,0.995,T1+T2,月營收創 12 個月新高且 3 月累計年增、近四季 EPS 年增、單季 EPS 創近 4 季新高、營益率創近 4 季新高
2026-10-02,2404,漢唐,1285,0.982,T1+T2,單月營收年增 > 20%、近四季 EPS 年增、單季 EPS 創近 4 季新高、營益率創近 4 季新高
2026-10-02,2455,全新,580,0.962,T1,月營收創 12 個月新高且 3 月累計年增、近四季 EPS 年增、單季 EPS 創近 4 季新高
2026-10-02,3016,嘉晶,180.5,0.997,T1+T2,月營收創 12 個月新高且 3 月累計年增、近四季 EPS 年增、單季 EPS 創近 4 季新高、營益率創近 4 季新高
2026-10-02,3035,智原,215.5,0.957,T1+T2,單月營收年增 > 20%、營益率創近 4 季新高
2026-10-02,3037,欣興,1305,0.979,T1+T2,月營收創 12 個月新高且 3 月累計年增、近四季 EPS 年增、單季 EPS 創近 4 季新高、營益率創近 4 季新高
2026-10-02,3042,晶技,230.5,0.965,T1+T2,月營收創 12 個月新高且 3 月累計年增、近四季 EPS 年增、單季 EPS 創近 4 季新高、營益率創近 4 季新高
2026-10-02,3094,聯傑,70.3,0.955,T1+T2,單月營收年增 > 20%、近四季 EPS 年增、單季 EPS 創近 4 季新高、營益率創近 4 季新高
2026-10-02,3105,穩懋,591,0.993,T1+T2,月營收創 12 個月新高且 3 月累計年增、營益率創近 4 季新高
2026-10-02,3189,景碩,1050,1.000,T1+T2,月營收創 12 個月新高且 3 月累計年增、近四季 EPS 年增、單季 EPS 創近 4 季新高、營益率創近 4 季新高
2026-10-02,3374,精材,467.5,0.959,T1,月營收創 12 個月新高且 3 月累計年增、近四季 EPS 年增
2026-10-02,3443,創意,7900,0.988,T1,月營收創 12 個月新高且 3 月累計年增、近四季 EPS 年增
2026-10-02,3605,宏致,170.5,0.974,T1,近四季 EPS 年增、營益率創近 4 季新高
2026-10-02,3653,健策,6800,0.955,T1+T2,月營收創 12 個月新高且 3 月累計年增、近四季 EPS 年增、單季 EPS 創近 4 季新高、營益率創近 4 季新高
2026-10-02,3693,營邦,663,0.977,T1,月營收創 12 個月新高且 3 月累計年增、單季 EPS 創近 4 季新高、營益率創近 4 季新高
2026-10-02,4770,上品,278,0.967,T1,單季 EPS 創近 4 季新高、營益率創近 4 季新高
2026-10-02,5274,信驊,18840,0.969,T1,月營收創 12 個月新高且 3 月累計年增、近四季 EPS 年增、單季 EPS 創近 4 季新高、營益率創近 4 季新高
2026-10-02,6147,頎邦,223,0.964,T1+T2,月營收創 12 個月新高且 3 月累計年增、近四季 EPS 年增、單季 EPS 創近 4 季新高、營益率創近 4 季新高
2026-10-02,6168,宏齊,46,0.964,T1+T2,月營收創 12 個月新高且 3 月累計年增、單季 EPS 創近 4 季新高
2026-10-02,6173,信昌電,303,0.954,T1,月營收創 12 個月新高且 3 月累計年增、近四季 EPS 年增、單季 EPS 創近 4 季新高、營益率創近 4 季新高
2026-10-02,6196,帆宣,618,0.972,T1+T2,單月營收年增 > 20%、近四季 EPS 年增、單季 EPS 創近 4 季新高、營益率創近 4 季新高
2026-10-02,6199,天品,132,0.980,T1+T2,單月營收年增 > 20%、近四季 EPS 年增
2026-10-02,6213,聯茂,683,0.965,T1+T2,月營收創 12 個月新高且 3 月累計年增、近四季 EPS 年增、單季 EPS 創近 4 季新高、營益率創近 4 季新高
2026-10-02,6218,豪勉,64.4,0.960,T1+T2,單月營收年增 > 20%、單季 EPS 創近 4 季新高、營益率創近 4 季新高
2026-10-02,6426,統新,361.5,0.998,T1,單月營收年增 > 20%、單季 EPS 創近 4 季新高、營益率創近 4 季新高
2026-10-02,6526,達發,835,0.970,T1,月營收創 12 個月新高且 3 月累計年增、近四季 EPS 年增、單季 EPS 創近 4 季新高
2026-10-02,6531,愛普*,1000,0.972,T1,單月營收年增 > 20%、近四季 EPS 年增、營益率創近 4 季新高
2026-10-02,6532,瑞耘,120,0.951,T1+T2,單月營收年增 > 20%、近四季 EPS 年增、營益率創近 4 季新高
2026-10-02,6538,倉和,372.5,0.985,T1,月營收創 12 個月新高且 3 月累計年增、單季 EPS 創近 4 季新高、營益率創近 4 季新高
2026-10-02,6672,騰輝電子-KY,439,0.990,T1+T2,月營收創 12 個月新高且 3 月累計年增、近四季 EPS 年增、單季 EPS 創近 4 季新高、營益率創近 4 季新高
2026-10-02,6805,富世達,2310,0.975,T1,單月營收年增 > 20%、近四季 EPS 年增、營益率創近 4 季新高
2026-10-02,6834,天二科技,131,0.954,T1+T2,月營收創 12 個月新高且 3 月累計年增、近四季 EPS 年增、單季 EPS 創近 4 季新高、營益率創近 4 季新高
2026-10-02,7792,安葆,425,0.992,T1+T2,單月營收年增 > 20%、單季 EPS 創近 4 季新高、營益率創近 4 季新高
2026-10-02,8021,尖點,553,0.987,T1+T2,月營收創 12 個月新高且 3 月累計年增、近四季 EPS 年增、單季 EPS 創近 4 季新高、營益率創近 4 季新高
2026-10-02,8150,南茂,127,0.957,T1+T2,單月營收年增 > 20%、近四季 EPS 年增、單季 EPS 創近 4 季新高、營益率創近 4 季新高
2026-10-02,8227,巨有科技,370,1.000,T1+T2,單月營收年增 > 20%、近四季 EPS 年增、單季 EPS 創近 4 季新高
2026-10-05,1560,中砂,1040,0.994,T1+T2,月營收創 12 個月新高且 3 月累計年增、近四季 EPS 年增、單季 EPS 創近 4 季新高、營益率創近 4 季新高
2026-10-05,2404,漢唐,1310,0.990,T1+T2,單月營收年增 > 20%、近四季 EPS 年增、單季 EPS 創近 4 季新高、營益率創近 4 季新高
2026-10-05,3016,嘉晶,181.5,0.989,T1+T2,月營收創 12 個月新高且 3 月累計年增、近四季 EPS 年增、單季 EPS 創近 4 季新高、營益率創近 4 季新高
2026-10-05,3035,智原,216,0.959,T1+T2,單月營收年增 > 20%、營益率創近 4 季新高
2026-10-05,3037,欣興,1325,0.987,T1+T2,月營收創 12 個月新高且 3 月累計年增、近四季 EPS 年增、單季 EPS 創近 4 季新高、營益率創近 4 季新高
2026-10-05,3042,晶技,222,0.984,T1+T2,月營收創 12 個月新高且 3 月累計年增、近四季 EPS 年增、單季 EPS 創近 4 季新高、營益率創近 4 季新高
2026-10-05,3094,聯傑,69,0.958,T1+T2,單月營收年增 > 20%、近四季 EPS 年增、單季 EPS 創近 4 季新高、營益率創近 4 季新高
2026-10-05,3105,穩懋,615,0.998,T1+T2,月營收創 12 個月新高且 3 月累計年增、營益率創近 4 季新高
2026-10-05,3189,景碩,1095,1.000,T1+T2,月營收創 12 個月新高且 3 月累計年增、近四季 EPS 年增、單季 EPS 創近 4 季新高、營益率創近 4 季新高
2026-10-05,3443,創意,8600,0.956,T1+T2,月營收創 12 個月新高且 3 月累計年增、近四季 EPS 年增
2026-10-05,3605,宏致,168,0.980,T1,近四季 EPS 年增、營益率創近 4 季新高
2026-10-05,3653,健策,7205,0.963,T1+T2,月營收創 12 個月新高且 3 月累計年增、近四季 EPS 年增、單季 EPS 創近 4 季新高、營益率創近 4 季新高
2026-10-05,6168,宏齊,47.1,0.976,T1+T2,月營收創 12 個月新高且 3 月累計年增、單季 EPS 創近 4 季新高
2026-10-05,6196,帆宣,679,0.971,T1+T2,單月營收年增 > 20%、近四季 EPS 年增、單季 EPS 創近 4 季新高、營益率創近 4 季新高
2026-10-05,6199,天品,133.5,0.977,T1+T2,單月營收年增 > 20%、近四季 EPS 年增
2026-10-05,6213,聯茂,751,0.972,T1+T2,月營收創 12 個月新高且 3 月累計年增、近四季 EPS 年增、單季 EPS 創近 4 季新高、營益率創近 4 季新高
2026-10-05,6218,豪勉,61.4,0.961,T1,單月營收年增 > 20%、單季 EPS 創近 4 季新高、營益率創近 4 季新高
2026-10-05,6227,茂綸,142.5,0.951,T1+T2,月營收創 12 個月新高且 3 月累計年增、近四季 EPS 年增、單季 EPS 創近 4 季新高
2026-10-05,6271,同欣電,238.5,0.951,T1+T2,月營收創 12 個月新高且 3 月累計年增、近四季 EPS 年增、單季 EPS 創近 4 季新高、營益率創近 4 季新高
2026-10-05,6526,達發,841,0.982,T1,月營收創 12 個月新高且 3 月累計年增、近四季 EPS 年增、單季 EPS 創近 4 季新高
2026-10-05,6672,騰輝電子-KY,451,0.997,T1+T2,月營收創 12 個月新高且 3 月累計年增、近四季 EPS 年增、單季 EPS 創近 4 季新高、營益率創近 4 季新高
2026-10-05,6805,富世達,2450,0.969,T1+T2,單月營收年增 > 20%、近四季 EPS 年增、營益率創近 4 季新高
2026-10-05,6834,天二科技,125.5,0.954,T1+T2,月營收創 12 個月新高且 3 月累計年增、近四季 EPS 年增、單季 EPS 創近 4 季新高、營益率創近 4 季新高
2026-10-05,7792,安葆,438.5,0.985,T1+T2,單月營收年增 > 20%、單季 EPS 創近 4 季新高、營益率創近 4 季新高
2026-10-05,8021,尖點,560,0.992,T1+T2,月營收創 12 個月新高且 3 月累計年增、近四季 EPS 年增、單季 EPS 創近 4 季新高、營益率創近 4 季新高
2026-10-05,8046,南電,1495,0.966,T1+T2,單月營收年增 > 20%、近四季 EPS 年增、單季 EPS 創近 4 季新高、營益率創近 4 季新高
2026-10-05,8150,南茂,124,0.974,T1+T2,單月營收年增 > 20%、近四季 EPS 年增、單季 EPS 創近 4 季新高、營益率創近 4 季新高
2026-10-05,8227,巨有科技,366,0.995,T1+T2,單月營收年增 > 20%、近四季 EPS 年增、單季 EPS 創近 4 季新高
2026-10-06,1560,中砂,1030,0.990,T1+T2,月營收創 12 個月新高且 3 月累計年增、近四季 EPS 年增、單季 EPS 創近 4 季新高、營益率創近 4 季新高
2026-10-06,2404,漢唐,1335,0.994,T1+T2,單月營收年增 > 20%、近四季 EPS 年增、單季 EPS 創近 4 季新高、營益率創近 4 季新高
2026-10-06,3016,嘉晶,188,0.989,T1+T2,月營收創 12 個月新高且 3 月累計年增、近四季 EPS 年增、單季 EPS 創近 4 季新高、營益率創近 4 季新高
2026-10-06,3035,智原,210.5,0.960,T1+T2,單月營收年增 > 20%、營益率創近 4 季新高
2026-10-06,3037,欣興,1310,0.987,T1+T2,月營收創 12 個月新高且 3 月累計年增、近四季 EPS 年增、單季 EPS 創近 4 季新高、營益率創近 4 季新高
2026-10-06,3042,晶技,204.5,0.976,T1+T2,月營收創 12 個月新高且 3 月累計年增、近四季 EPS 年增、單季 EPS 創近 4 季新高、營益率創近 4 季新高
2026-10-06,3105,穩懋,592,0.997,T1+T2,月營收創 12 個月新高且 3 月累計年增、營益率創近 4 季新高
2026-10-06,3167,大量,1020,0.952,T1+T2,月營收創 12 個月新高且 3 月累計年增、近四季 EPS 年增、單季 EPS 創近 4 季新高、營益率創近 4 季新高
2026-10-06,3189,景碩,1070,1.000,T1+T2,月營收創 12 個月新高且 3 月累計年增、近四季 EPS 年增、單季 EPS 創近 4 季新高、營益率創近 4 季新高
2026-10-06,3293,鈊象,780,0.973,T1+T2,單月營收年增 > 20%、近四季 EPS 年增、單季 EPS 創近 4 季新高、營益率創近 4 季新高
2026-10-06,3443,創意,8375,0.956,T1+T2,月營收創 12 個月新高且 3 月累計年增、近四季 EPS 年增
2026-10-06,3605,宏致,172,0.984,T1+T2,近四季 EPS 年增、營益率創近 4 季新高
2026-10-06,3653,健策,7080,0.961,T1+T2,月營收創 12 個月新高且 3 月累計年增、近四季 EPS 年增、單季 EPS 創近 4 季新高、營益率創近 4 季新高
2026-10-06,6147,頎邦,216.5,0.955,T1+T2,月營收創 12 個月新高且 3 月累計年增、近四季 EPS 年增、單季 EPS 創近 4 季新高、營益率創近 4 季新高
2026-10-06,6168,宏齊,43.8,0.969,T1+T2,月營收創 12 個月新高且 3 月累計年增、單季 EPS 創近 4 季新高
2026-10-06,6196,帆宣,663,0.964,T1+T2,單月營收年增 > 20%、近四季 EPS 年增、單季 EPS 創近 4 季新高、營益率創近 4 季新高
2026-10-06,6199,天品,135.5,0.979,T1+T2,單月營收年增 > 20%、近四季 EPS 年增
2026-10-06,6213,聯茂,787,0.974,T1+T2,月營收創 12 個月新高且 3 月累計年增、近四季 EPS 年增、單季 EPS 創近 4 季新高、營益率創近 4 季新高
2026-10-06,6218,豪勉,56.5,0.958,T1,單月營收年增 > 20%、單季 EPS 創近 4 季新高、營益率創近 4 季新高
2026-10-06,6227,茂綸,141.5,0.953,T1+T2,月營收創 12 個月新高且 3 月累計年增、近四季 EPS 年增、單季 EPS 創近 4 季新高
2026-10-06,6257,矽格,286,0.977,T1+T2,月營收創 12 個月新高且 3 月累計年增、近四季 EPS 年增、單季 EPS 創近 4 季新高、營益率創近 4 季新高
2026-10-06,6526,達發,842,0.982,T1+T2,月營收創 12 個月新高且 3 月累計年增、近四季 EPS 年增、單季 EPS 創近 4 季新高
2026-10-06,6672,騰輝電子-KY,459.5,0.998,T1+T2,月營收創 12 個月新高且 3 月累計年增、近四季 EPS 年增、單季 EPS 創近 4 季新高、營益率創近 4 季新高
2026-10-06,6805,富世達,2415,0.963,T1+T2,單月營收年增 > 20%、近四季 EPS 年增、營益率創近 4 季新高
2026-10-06,7792,安葆,451.5,0.985,T1+T2,單月營收年增 > 20%、單季 EPS 創近 4 季新高、營益率創近 4 季新高
2026-10-06,8021,尖點,561,0.992,T1+T2,月營收創 12 個月新高且 3 月累計年增、近四季 EPS 年增、單季 EPS 創近 4 季新高、營益率創近 4 季新高
2026-10-06,8046,南電,1505,0.966,T1+T2,月營收創 12 個月新高且 3 月累計年增、近四季 EPS 年增、單季 EPS 創近 4 季新高、營益率創近 4 季新高
2026-10-06,8150,南茂,127.5,0.971,T1+T2,單月營收年增 > 20%、近四季 EPS 年增、單季 EPS 創近 4 季新高、營益率創近 4 季新高
2026-10-06,8227,巨有科技,370,0.995,T1+T2,單月營收年增 > 20%、近四季 EPS 年增、單季 EPS 創近 4 季新高
2026-10-07,1560,中砂,1020,0.994,T1,月營收創 12 個月新高且 3 月累計年增、近四季 EPS 年增、單季 EPS 創近 4 季新高、營益率創近 4 季新高
2026-10-07,2404,漢唐,1330,0.992,T1+T2,單月營收年增 > 20%、近四季 EPS 年增、單季 EPS 創近 4 季新高、營益率創近 4 季新高
2026-10-07,2484,希華,87.1,0.955,T1+T2,單月營收年增 > 20%、近四季 EPS 年增、單季 EPS 創近 4 季新高、營益率創近 4 季新高
2026-10-07,3016,嘉晶,195,0.990,T1+T2,月營收創 12 個月新高且 3 月累計年增、近四季 EPS 年增、單季 EPS 創近 4 季新高、營益率創近 4 季新高
2026-10-07,3035,智原,209,0.958,T1,單月營收年增 > 20%、營益率創近 4 季新高
2026-10-07,3037,欣興,1305,0.989,T1+T2,月營收創 12 個月新高且 3 月累計年增、近四季 EPS 年增、單季 EPS 創近 4 季新高、營益率創近 4 季新高
2026-10-07,3042,晶技,210.5,0.974,T1+T2,月營收創 12 個月新高且 3 月累計年增、近四季 EPS 年增、單季 EPS 創近 4 季新高、營益率創近 4 季新高
2026-10-07,3105,穩懋,588,0.997,T1+T2,月營收創 12 個月新高且 3 月累計年增、營益率創近 4 季新高
2026-10-07,3189,景碩,1100,1.000,T1+T2,月營收創 12 個月新高且 3 月累計年增、近四季 EPS 年增、單季 EPS 創近 4 季新高、營益率創近 4 季新高
2026-10-07,3293,鈊象,780,0.969,T1+T2,單月營收年增 > 20%、近四季 EPS 年增、單季 EPS 創近 4 季新高、營益率創近 4 季新高
2026-10-07,3441,聯一光,249,0.984,T1+T2,近四季 EPS 年增、營益率創近 4 季新高
2026-10-07,3605,宏致,167,0.981,T1+T2,近四季 EPS 年增、營益率創近 4 季新高
2026-10-07,3653,健策,6805,0.951,T1+T2,單月營收年增 > 20%、近四季 EPS 年增、單季 EPS 創近 4 季新高、營益率創近 4 季新高
2026-10-07,6147,頎邦,231.5,0.960,T1+T2,月營收創 12 個月新高且 3 月累計年增、近四季 EPS 年增、單季 EPS 創近 4 季新高、營益率創近 4 季新高
2026-10-07,6168,宏齊,41.45,0.968,T1,月營收創 12 個月新高且 3 月累計年增、單季 EPS 創近 4 季新高
2026-10-07,6196,帆宣,670,0.966,T1+T2,單月營收年增 > 20%、近四季 EPS 年增、單季 EPS 創近 4 季新高、營益率創近 4 季新高
2026-10-07,6199,天品,139.5,0.982,T1+T2,單月營收年增 > 20%、近四季 EPS 年增
2026-10-07,6213,聯茂,796,0.976,T1+T2,月營收創 12 個月新高且 3 月累計年增、近四季 EPS 年增、單季 EPS 創近 4 季新高、營益率創近 4 季新高
2026-10-07,6218,豪勉,60.8,0.953,T1,單月營收年增 > 20%、單季 EPS 創近 4 季新高、營益率創近 4 季新高
2026-10-07,6257,矽格,278,0.972,T1+T2,月營收創 12 個月新高且 3 月累計年增、近四季 EPS 年增、單季 EPS 創近 4 季新高、營益率創近 4 季新高
2026-10-07,6526,達發,786,0.963,T1,月營收創 12 個月新高且 3 月累計年增、近四季 EPS 年增、單季 EPS 創近 4 季新高
2026-10-07,6672,騰輝電子-KY,505,0.998,T1+T2,月營收創 12 個月新高且 3 月累計年增、近四季 EPS 年增、單季 EPS 創近 4 季新高、營益率創近 4 季新高
2026-10-07,6805,富世達,2455,0.956,T1+T2,月營收創 12 個月新高且 3 月累計年增、近四季 EPS 年增、營益率創近 4 季新高
2026-10-07,6834,天二科技,125,0.961,T1+T2,月營收創 12 個月新高且 3 月累計年增、近四季 EPS 年增、單季 EPS 創近 4 季新高、營益率創近 4 季新高
2026-10-07,7792,安葆,406.5,0.979,T1,單月營收年增 > 20%、單季 EPS 創近 4 季新高、營益率創近 4 季新高
2026-10-07,8021,尖點,556,0.985,T1+T2,月營收創 12 個月新高且 3 月累計年增、近四季 EPS 年增、單季 EPS 創近 4 季新高、營益率創近 4 季新高
2026-10-07,8046,南電,1480,0.964,T1+T2,月營收創 12 個月新高且 3 月累計年增、近四季 EPS 年增、單季 EPS 創近 4 季新高、營益率創近 4 季新高
2026-10-07,8150,南茂,128.5,0.971,T1+T2,單月營收年增 > 20%、近四季 EPS 年增、單季 EPS 創近 4 季新高、營益率創近 4 季新高
2026-10-07,8227,巨有科技,372,0.995,T1,單月營收年增 > 20%、近四季 EPS 年增、單季 EPS 創近 4 季新高
2026-10-08,1560,中砂,1010,0.992,T1+T2,月營收創 12 個月新高且 3 月累計年增、近四季 EPS 年增、單季 EPS 創近 4 季新高、營益率創近 4 季新高
2026-10-08,2404,漢唐,1305,0.994,T1+T2,單月營收年增 > 20%、近四季 EPS 年增、單季 EPS 創近 4 季新高、營益率創近 4 季新高
2026-10-08,3016,嘉晶,183.5,0.989,T1+T2,月營收創 12 個月新高且 3 月累計年增、近四季 EPS 年增、單季 EPS 創近 4 季新高、營益率創近 4 季新高
2026-10-08,3037,欣興,1270,0.984,T1+T2,月營收創 12 個月新高且 3 月累計年增、近四季 EPS 年增、單季 EPS 創近 4 季新高、營益率創近 4 季新高
2026-10-08,3042,晶技,211,0.969,T1+T2,月營收創 12 個月新高且 3 月累計年增、近四季 EPS 年增、單季 EPS 創近 4 季新高、營益率創近 4 季新高
2026-10-08,3105,穩懋,581,0.997,T1+T2,月營收創 12 個月新高且 3 月累計年增、營益率創近 4 季新高
2026-10-08,3189,景碩,1075,0.998,T1+T2,月營收創 12 個月新高且 3 月累計年增、近四季 EPS 年增、單季 EPS 創近 4 季新高、營益率創近 4 季新高
2026-10-08,3265,台星科,238.5,0.961,T1+T2,近四季 EPS 年增、單季 EPS 創近 4 季新高、營益率創近 4 季新高
2026-10-08,3293,鈊象,788,0.971,T1,單月營收年增 > 20%、近四季 EPS 年增、單季 EPS 創近 4 季新高、營益率創近 4 季新高
2026-10-08,3441,聯一光,249.5,0.982,T1+T2,近四季 EPS 年增、營益率創近 4 季新高
2026-10-08,3605,宏致,163,0.958,T1,近四季 EPS 年增、營益率創近 4 季新高
2026-10-08,3624,光頡,175,0.990,T1+T2,月營收創 12 個月新高且 3 月累計年增、近四季 EPS 年增、單季 EPS 創近 4 季新高、營益率創近 4 季新高
2026-10-08,3653,健策,7165,0.960,T1+T2,單月營收年增 > 20%、近四季 EPS 年增、單季 EPS 創近 4 季新高、營益率創近 4 季新高
2026-10-08,6147,頎邦,226,0.952,T1,單月營收年增 > 20%、近四季 EPS 年增、單季 EPS 創近 4 季新高、營益率創近 4 季新高
2026-10-08,6168,宏齊,40.35,0.963,T1,月營收創 12 個月新高且 3 月累計年增、單季 EPS 創近 4 季新高
2026-10-08,6196,帆宣,674,0.965,T1+T2,單月營收年增 > 20%、近四季 EPS 年增、單季 EPS 創近 4 季新高、營益率創近 4 季新高
2026-10-08,6199,天品,142,0.968,T1+T2,單月營收年增 > 20%、近四季 EPS 年增
2026-10-08,6213,聯茂,806,0.976,T1+T2,月營收創 12 個月新高且 3 月累計年增、近四季 EPS 年增、單季 EPS 創近 4 季新高、營益率創近 4 季新高
2026-10-08,6257,矽格,283,0.979,T1+T2,月營收創 12 個月新高且 3 月累計年增、近四季 EPS 年增、單季 EPS 創近 4 季新高、營益率創近 4 季新高
2026-10-08,6278,台表科,248,0.953,T1+T2,月營收創 12 個月新高且 3 月累計年增、近四季 EPS 年增、單季 EPS 創近 4 季新高
2026-10-08,6526,達發,801,0.966,T1+T2,單月營收年增 > 20%、近四季 EPS 年增、單季 EPS 創近 4 季新高
2026-10-08,6672,騰輝電子-KY,555,1.000,T1+T2,月營收創 12 個月新高且 3 月累計年增、近四季 EPS 年增、單季 EPS 創近 4 季新高、營益率創近 4 季新高
2026-10-08,6805,富世達,2370,0.956,T1+T2,月營收創 12 個月新高且 3 月累計年增、近四季 EPS 年增、營益率創近 4 季新高
2026-10-08,6834,天二科技,132,0.955,T1,月營收創 12 個月新高且 3 月累計年增、近四季 EPS 年增、單季 EPS 創近 4 季新高、營益率創近 4 季新高
2026-10-08,7792,安葆,403.5,0.973,T1+T2,單月營收年增 > 20%、單季 EPS 創近 4 季新高、營益率創近 4 季新高
2026-10-08,8021,尖點,557,0.981,T1+T2,月營收創 12 個月新高且 3 月累計年增、近四季 EPS 年增、單季 EPS 創近 4 季新高、營益率創近 4 季新高
2026-10-08,8046,南電,1475,0.977,T1+T2,月營收創 12 個月新高且 3 月累計年增、近四季 EPS 年增、單季 EPS 創近 4 季新高、營益率創近 4 季新高
2026-10-08,8150,南茂,128,0.986,T1+T2,單月營收年增 > 20%、近四季 EPS 年增、單季 EPS 創近 4 季新高、營益率創近 4 季新高
2026-10-08,8227,巨有科技,335,0.995,T1,近四季 EPS 年增、單季 EPS 創近 4 季新高
