date,strategy,action,code,name,price,note
2026-09-24,B 供應鏈連動,候選,2395,研華,722,連動股 20 日平均 +17.6%，自己 +7.0%（落後 10.6%）、連動最強：聯發科（+37%）、達發（+38%）、凡甲（-4%）
2026-09-24,B 供應鏈連動,候選,2465,麗臺,88.9,連動股 20 日平均 +15.1%，自己 -6.8%（落後 21.9%）、連動最強：撼訊（-1%）、巨有科技（+92%）、宇瞻（-15%）
2026-09-24,B 供應鏈連動,候選,3265,台星科,183,連動股 20 日平均 +14.9%，自己 +3.7%（落後 11.2%）、連動最強：矽格（+19%）、欣銓（+12%）、台燿（+3%）
2026-09-24,B 供應鏈連動,候選,3504,揚明光,78.5,連動股 20 日平均 +14.1%，自己 -16.6%（落後 30.7%）、連動最強：聯一光（+32%）、臺慶科（-5%）、澤米（+21%）
2026-09-24,B 供應鏈連動,候選,4908,前鼎,210,連動股 20 日平均 +23.8%，自己 +7.4%（落後 16.3%）、連動最強：眾達-KY（-4%）、華星光（-9%）、統新（+57%）
2026-09-24,B 供應鏈連動,候選,4949,有成精密,74.6,連動股 20 日平均 +10.4%，自己 -2.1%（落後 12.5%）、連動最強：華經（+35%）、倍力（-15%）、益安（+7%）
2026-09-24,B 供應鏈連動,候選,5434,崇越,542,連動股 20 日平均 +18.2%，自己 +1.7%（落後 16.5%）、連動最強：日月光投控（+16%）、台積電（+3%）、晶技（+6%）
2026-09-24,B 供應鏈連動,候選,6442,光聖,1530,連動股 20 日平均 +9.8%，自己 -4.1%（落後 13.9%）、連動最強：建達（+5%）、連宇（+1%）、位速（+25%）
2026-09-24,B 供應鏈連動,候選,6533,晶心科,276,連動股 20 日平均 +21.8%，自己 +5.6%（落後 16.2%）、連動最強：創意（+44%）、系微（+9%）、崇越電（-13%）
2026-09-24,B 供應鏈連動,候選,8039,台虹,258.5,連動股 20 日平均 +10.9%，自己 -26.7%（落後 37.5%）、連動最強：穩懋（+13%）、眾達-KY（-4%）、波若威（-16%）
2026-09-24,D 籌碼共振,候選,2351,順德,219.5,共振分數第 98% 百分位｜外資 20 日買超 占股本 3.97%、股東人數四週減少 5.3%
2026-09-24,D 籌碼共振,候選,3034,聯詠,543,共振分數第 98% 百分位｜外資 20 日買超 占股本 1.77%、股東人數四週減少 2.5%
2026-09-29,B 供應鏈連動,進場,2465,麗臺,91.9,連動股 20 日平均 +15.1%，自己 -6.8%（落後 21.9%）、連動最強：撼訊（-1%）、巨有科技（+92%）、宇瞻（-15%）｜停損 80.69
2026-09-29,B 供應鏈連動,進場,3504,揚明光,79.5,連動股 20 日平均 +14.1%，自己 -16.6%（落後 30.7%）、連動最強：聯一光（+32%）、臺慶科（-5%）、澤米（+21%）｜停損 69.56
2026-09-29,B 供應鏈連動,進場,5434,崇越,540,連動股 20 日平均 +18.2%，自己 +1.7%（落後 16.5%）、連動最強：日月光投控（+16%）、台積電（+3%）、晶技（+6%）｜停損 497.79
2026-09-29,B 供應鏈連動,進場,8039,台虹,273.5,連動股 20 日平均 +10.9%，自己 -26.7%（落後 37.5%）、連動最強：穩懋（+13%）、眾達-KY（-4%）、波若威（-16%）｜停損 226.36
2026-09-29,D 籌碼共振,進場,2351,順德,215.5,外資 20 日買超 占股本 3.97%、股東人數四週減少 5.3%｜停損 175.32
2026-09-29,D 籌碼共振,進場,3034,聯詠,540,外資 20 日買超 占股本 1.77%、股東人數四週減少 2.5%｜停損 486.86
