code,month,first_seen
1101,2026-08,
1102,2026-08,
1103,2026-08,
1104,2026-08,
1108,2026-08,
1109,2026-08,
1110,2026-08,
1201,2026-08,
1203,2026-08,
1210,2026-08,
1213,2026-08,
1215,2026-08,
1216,2026-08,
1217,2026-08,
1218,2026-08,
1219,2026-08,
1220,2026-08,
1225,2026-08,
1227,2026-08,
1229,2026-08,
1231,2026-08,
1232,2026-08,
1233,2026-08,
1234,2026-08,
1235,2026-08,
1236,2026-08,
1240,2026-08,
1256,2026-08,
1259,2026-08,
1264,2026-08,
1268,2026-08,
1294,2026-08,
1295,2026-08,
1301,2026-08,
1303,2026-08,
1304,2026-08,
1305,2026-08,
1307,2026-08,
1308,2026-08,
1309,2026-08,
1310,2026-08,
1312,2026-08,
1313,2026-08,
1314,2026-08,
1315,2026-08,
1316,2026-08,
1319,2026-08,
1321,2026-08,
1323,2026-08,
1324,2026-08,
1325,2026-08,
1326,2026-08,
1336,2026-08,
1337,2026-08,
1338,2026-08,
1339,2026-08,
1340,2026-08,
1341,2026-08,
1342,2026-08,
1402,2026-08,
1409,2026-08,
1410,2026-08,
1413,2026-08,
1414,2026-08,
1416,2026-08,
1417,2026-08,
1418,2026-08,
1419,2026-08,
1423,2026-08,
1432,2026-08,
1434,2026-08,
1435,2026-08,
1436,2026-08,
1437,2026-08,
1438,2026-08,
1439,2026-08,
1440,2026-08,
1441,2026-08,
1442,2026-08,
1443,2026-08,
1444,2026-08,
1445,2026-08,
1446,2026-08,
1447,2026-08,
1449,2026-08,
1451,2026-08,
1452,2026-08,
1453,2026-08,
1454,2026-08,
1455,2026-08,
1456,2026-08,
1457,2026-08,
1459,2026-08,
1460,2026-08,
1463,2026-08,
1464,2026-08,
1465,2026-08,
1466,2026-08,
1467,2026-08,
1468,2026-08,
1470,2026-08,
1471,2026-08,
1472,2026-08,
1473,2026-08,
1474,2026-08,
1475,2026-08,
1476,2026-08,
1477,2026-08,
1503,2026-08,
1504,2026-08,
1506,2026-08,
1512,2026-08,
1513,2026-08,
1514,2026-08,
1515,2026-08,
1516,2026-08,
1517,2026-08,
1519,2026-08,
1521,2026-08,
1522,2026-08,
1524,2026-08,
1525,2026-08,
1526,2026-08,
1527,2026-08,
1528,2026-08,
1529,2026-08,
1530,2026-08,
1531,2026-08,
1532,2026-08,
1533,2026-08,
1535,2026-08,
1536,2026-08,
1537,2026-08,
1538,2026-08,
1539,2026-08,
1540,2026-08,
1541,2026-08,
1558,2026-08,
1560,2026-08,
1563,2026-08,
1565,2026-08,
1568,2026-08,
1569,2026-08,
1570,2026-08,
1580,2026-08,
1582,2026-08,
1583,2026-08,
1584,2026-08,
1586,2026-08,
1587,2026-08,
1589,2026-08,
1590,2026-08,
1591,2026-08,
1593,2026-08,
1595,2026-08,
1597,2026-08,
1598,2026-08,
1599,2026-08,
1603,2026-08,
1604,2026-08,
1605,2026-08,
1608,2026-08,
1609,2026-08,
1611,2026-08,
1612,2026-08,
1614,2026-08,
1615,2026-08,
1616,2026-08,
1617,2026-08,
1618,2026-08,
1623,2026-08,
1626,2026-08,
1702,2026-08,
1707,2026-08,
1708,2026-08,
1709,2026-08,
1710,2026-08,
1711,2026-08,
1712,2026-08,
1713,2026-08,
1714,2026-08,
1717,2026-08,
1718,2026-08,
1720,2026-08,
1721,2026-08,
1722,2026-08,
1723,2026-08,
1725,2026-08,
1726,2026-08,
1727,2026-08,
1730,2026-08,
1731,2026-08,
1732,2026-08,
1733,2026-08,
1734,2026-08,
1735,2026-08,
1736,2026-08,
1737,2026-08,
1742,2026-08,
1752,2026-08,
1760,2026-08,
1762,2026-08,
1773,2026-08,
1776,2026-08,
1777,2026-08,
1780,2026-08,
1781,2026-08,
1783,2026-08,
1784,2026-08,
1785,2026-08,
1786,2026-08,
1788,2026-08,
1789,2026-08,
1795,2026-08,
1796,2026-08,
1799,2026-08,
1802,2026-08,
1805,2026-08,
1806,2026-08,
1808,2026-08,
1809,2026-08,
1810,2026-08,
1813,2026-08,
1815,2026-08,
1817,2026-08,
1903,2026-08,
1904,2026-08,
1905,2026-08,
1906,2026-08,
1907,2026-08,
1909,2026-08,
2002,2026-08,
2006,2026-08,
2007,2026-08,
2008,2026-08,
2009,2026-08,
2010,2026-08,
2012,2026-08,
2013,2026-08,
2014,2026-08,
2015,2026-08,
2017,2026-08,
2020,2026-08,
2022,2026-08,
2023,2026-08,
2024,2026-08,
2025,2026-08,
2027,2026-08,
2028,2026-08,
2029,2026-08,
2030,2026-08,
2031,2026-08,
2032,2026-08,
2033,2026-08,
2034,2026-08,
2035,2026-08,
2038,2026-08,
2049,2026-08,
2059,2026-08,
2061,2026-08,
2062,2026-08,
2063,2026-08,
2064,2026-08,
2065,2026-08,
2066,2026-08,
2067,2026-08,
2069,2026-08,
2070,2026-08,
2072,2026-08,
2073,2026-08,
2101,2026-08,
2102,2026-08,
2103,2026-08,
2104,2026-08,
2105,2026-08,
2106,2026-08,
2107,2026-08,
2108,2026-08,
2109,2026-08,
2114,2026-08,
2115,2026-08,
2201,2026-08,
2204,2026-08,
2206,2026-08,
2207,2026-08,
2208,2026-08,
2211,2026-08,
2221,2026-08,
2227,2026-08,
2228,2026-08,
2230,2026-08,
2231,2026-08,
2233,2026-08,
2235,2026-08,
2236,2026-08,
2237,2026-08,
2239,2026-08,
2241,2026-08,
2243,2026-08,
2247,2026-08,
2248,2026-08,
2250,2026-08,
2254,2026-08,
2258,2026-08,
2301,2026-08,
2302,2026-08,
2303,2026-08,
2305,2026-08,
2308,2026-08,
2312,2026-08,
2313,2026-08,
2314,2026-08,
2316,2026-08,
2317,2026-08,
2321,2026-08,
2323,2026-08,
2324,2026-08,
2327,2026-08,
2328,2026-08,
2329,2026-08,
2330,2026-08,
2331,2026-08,
2332,2026-08,
2337,2026-08,
2338,2026-08,
2340,2026-08,
2342,2026-08,
2344,2026-08,
2345,2026-08,
2347,2026-08,
2348,2026-08,
2349,2026-08,
2351,2026-08,
2352,2026-08,
2353,2026-08,
2354,2026-08,
2355,2026-08,
2356,2026-08,
2357,2026-08,
2359,2026-08,
2360,2026-08,
2362,2026-08,
2363,2026-08,
2364,2026-08,
2365,2026-08,
2367,2026-08,
2368,2026-08,
2369,2026-08,
2371,2026-08,
2373,2026-08,
2374,2026-08,
2375,2026-08,
2376,2026-08,
2377,2026-08,
2379,2026-08,
2380,2026-08,
2382,2026-08,
2383,2026-08,
2385,2026-08,
2387,2026-08,
2388,2026-08,
2390,2026-08,
2392,2026-08,
2393,2026-08,
2395,2026-08,
2397,2026-08,
2399,2026-08,
2401,2026-08,
2402,2026-08,
2404,2026-08,
2405,2026-08,
2406,2026-08,
2408,2026-08,
2409,2026-08,
2412,2026-08,
2413,2026-08,
2414,2026-08,
2415,2026-08,
2417,2026-08,
2419,2026-08,
2420,2026-08,
2421,2026-08,
2423,2026-08,
2424,2026-08,
2425,2026-08,
2426,2026-08,
2427,2026-08,
2428,2026-08,
2429,2026-08,
2430,2026-08,
2431,2026-08,
2432,2026-08,
2433,2026-08,
2434,2026-08,
2436,2026-08,
2438,2026-08,
2439,2026-08,
2440,2026-08,
2441,2026-08,
2442,2026-08,
2444,2026-08,
2449,2026-08,
2450,2026-08,
2451,2026-08,
2453,2026-08,
2454,2026-08,
2455,2026-08,
2457,2026-08,
2458,2026-08,
2459,2026-08,
2460,2026-08,
2461,2026-08,
2462,2026-08,
2464,2026-08,
2465,2026-08,
2466,2026-08,
2467,2026-08,
2468,2026-08,
2471,2026-08,
2472,2026-08,
2474,2026-08,
2476,2026-08,
2477,2026-08,
2478,2026-08,
2480,2026-08,
2481,2026-08,
2482,2026-08,
2483,2026-08,
2484,2026-08,
2485,2026-08,
2486,2026-08,
2488,2026-08,
2489,2026-08,
2491,2026-08,
2492,2026-08,
2493,2026-08,
2495,2026-08,
2496,2026-08,
2497,2026-08,
2498,2026-08,
2501,2026-08,
2504,2026-08,
2505,2026-08,
2506,2026-08,
2509,2026-08,
2511,2026-08,
2514,2026-08,
2515,2026-08,
2516,2026-08,
2520,2026-08,
2524,2026-08,
2527,2026-08,
2528,2026-08,
2530,2026-08,
2534,2026-08,
2535,2026-08,
2536,2026-08,
2537,2026-08,
2538,2026-08,
2539,2026-08,
2540,2026-08,
2542,2026-08,
2543,2026-08,
2545,2026-08,
2546,2026-08,
2547,2026-08,
2548,2026-08,
2596,2026-08,
2597,2026-08,
2601,2026-08,
2603,2026-08,
2605,2026-08,
2606,2026-08,
2607,2026-08,
2608,2026-08,
2609,2026-08,
2610,2026-08,
2611,2026-08,
2612,2026-08,
2613,2026-08,
2614,2026-08,
2615,2026-08,
2616,2026-08,
2617,2026-08,
2618,2026-08,
2630,2026-08,
2633,2026-08,
2634,2026-08,
2636,2026-08,
2637,2026-08,
2640,2026-08,
2641,2026-08,
2642,2026-08,
2643,2026-08,
2645,2026-08,
2646,2026-08,
2701,2026-08,
2702,2026-08,
2704,2026-08,
2705,2026-08,
2706,2026-08,
2707,2026-08,
2712,2026-08,
2718,2026-08,
2719,2026-08,
2722,2026-08,
2723,2026-08,
2724,2026-08,
2726,2026-08,
2727,2026-08,
2729,2026-08,
2731,2026-08,
2732,2026-08,
2734,2026-08,
2736,2026-08,
2739,2026-08,
2740,2026-08,
2743,2026-08,
2745,2026-08,
2748,2026-08,
2751,2026-08,
2752,2026-08,
2753,2026-08,
2754,2026-08,
2755,2026-08,
2756,2026-08,
2762,2026-08,
2801,2026-08,
2812,2026-08,
2816,2026-08,
2820,2026-08,
2832,2026-08,
2834,2026-08,
2836,2026-08,
2838,2026-08,
2845,2026-08,
2849,2026-08,
2850,2026-08,
2851,2026-08,
2852,2026-08,
2855,2026-08,
2867,2026-07,
2880,2026-08,
2881,2026-08,
2882,2026-08,
2883,2026-08,
2884,2026-08,
2885,2026-08,
2886,2026-08,
2887,2026-08,
2889,2026-08,
2890,2026-08,
2891,2026-08,
2892,2026-08,
2897,2026-08,
2901,2026-08,
2903,2026-08,
2904,2026-08,
2905,2026-08,
2906,2026-08,
2908,2026-08,
2910,2026-08,
2911,2026-08,
2912,2026-08,
2913,2026-08,
2915,2026-08,
2916,2026-08,
2923,2026-08,
2924,2026-08,
2926,2026-08,
2929,2026-08,
2937,2026-08,
2938,2026-08,
2939,2026-08,
2941,2026-08,
2945,2026-08,
2947,2026-08,
2948,2026-08,
2949,2026-08,
3002,2026-08,
3003,2026-08,
3004,2026-08,
3005,2026-08,
3006,2026-08,
3008,2026-08,
3010,2026-08,
3011,2026-08,
3013,2026-08,
3014,2026-08,
3015,2026-08,
3016,2026-08,
3017,2026-08,
3018,2026-08,
3019,2026-08,
3021,2026-08,
3022,2026-08,
3023,2026-08,
3024,2026-08,
3025,2026-08,
3026,2026-08,
3027,2026-08,
3028,2026-08,
3029,2026-08,
3030,2026-08,
3031,2026-08,
3032,2026-08,
3033,2026-08,
3034,2026-08,
3035,2026-08,
3036,2026-08,
3037,2026-08,
3038,2026-08,
3040,2026-08,
3041,2026-08,
3042,2026-08,
3043,2026-08,
3044,2026-08,
3045,2026-08,
3046,2026-08,
3047,2026-08,
3048,2026-08,
3049,2026-08,
3050,2026-08,
3051,2026-08,
3052,2026-08,
3054,2026-08,
3055,2026-08,
3056,2026-08,
3057,2026-08,
3058,2026-08,
3059,2026-08,
3060,2026-08,
3062,2026-08,
3064,2026-08,
3066,2026-08,
3067,2026-08,
3071,2026-08,
3073,2026-08,
3078,2026-08,
3081,2026-08,
3083,2026-08,
3085,2026-08,
3086,2026-08,
3088,2026-08,
3090,2026-08,
3092,2026-08,
3093,2026-08,
3094,2026-08,
3095,2026-08,
3105,2026-08,
3114,2026-08,
3115,2026-08,
3118,2026-08,
3122,2026-08,
3128,2026-08,
3130,2026-08,
3131,2026-08,
3135,2026-08,
3138,2026-08,
3141,2026-08,
3147,2026-08,
3149,2026-08,
3150,2026-08,
3152,2026-08,
3158,2026-08,
3162,2026-08,
3163,2026-08,
3164,2026-08,
3167,2026-08,
3168,2026-08,
3169,2026-08,
3171,2026-08,
3176,2026-08,
3178,2026-08,
3188,2026-08,
3189,2026-08,
3191,2026-08,
3205,2026-08,
3206,2026-08,
3207,2026-08,
3209,2026-08,
3211,2026-08,
3213,2026-08,
3217,2026-08,
3218,2026-08,
3219,2026-08,
3221,2026-08,
3224,2026-08,
3226,2026-08,
3227,2026-08,
3228,2026-08,
3229,2026-08,
3230,2026-08,
3231,2026-08,
3232,2026-08,
3234,2026-08,
3236,2026-08,
3252,2026-08,
3257,2026-08,
3259,2026-08,
3260,2026-08,
3264,2026-08,
3265,2026-08,
3266,2026-08,
3268,2026-08,
3272,2026-08,
3276,2026-08,
3284,2026-08,
3285,2026-08,
3287,2026-08,
3288,2026-08,
3289,2026-08,
3290,2026-08,
3293,2026-08,
3294,2026-08,
3296,2026-08,
3297,2026-08,
3303,2026-08,
3305,2026-08,
3306,2026-08,
3308,2026-08,
3310,2026-08,
3311,2026-08,
3312,2026-08,
3313,2026-08,
3317,2026-08,
3321,2026-08,
3322,2026-08,
3323,2026-08,
3324,2026-08,
3325,2026-08,
3332,2026-08,
3338,2026-08,
3339,2026-08,
3346,2026-08,
3349,2026-08,
3354,2026-08,
3356,2026-08,
3357,2026-08,
3360,2026-08,
3362,2026-08,
3363,2026-08,
3372,2026-08,
3373,2026-08,
3374,2026-08,
3376,2026-08,
3379,2026-08,
3380,2026-08,
3388,2026-08,
3390,2026-08,
3402,2026-08,
3406,2026-08,
3413,2026-08,
3416,2026-08,
3419,2026-08,
3430,2026-08,
3432,2026-08,
3434,2026-08,
3437,2026-08,
3438,2026-08,
3441,2026-08,
3443,2026-08,
3444,2026-08,
3447,2026-08,
3450,2026-08,
3455,2026-08,
3465,2026-08,
3466,2026-08,
3467,2026-08,
3479,2026-08,
3481,2026-08,
3483,2026-08,
3484,2026-08,
3485,2026-08,
3489,2026-08,
3490,2026-08,
3491,2026-08,
3492,2026-08,
3494,2026-08,
3498,2026-08,
3499,2026-08,
3501,2026-08,
3504,2026-08,
3508,2026-08,
3511,2026-08,
3512,2026-08,
3515,2026-08,
3516,2026-08,
3518,2026-08,
3520,2026-08,
3521,2026-08,
3522,2026-08,
3523,2026-08,
3526,2026-08,
3527,2026-08,
3528,2026-08,
3529,2026-08,
3530,2026-08,
3531,2026-08,
3532,2026-08,
3533,2026-08,
3535,2026-08,
3537,2026-08,
3540,2026-08,
3541,2026-08,
3543,2026-08,
3545,2026-08,
3546,2026-08,
3548,2026-08,
3550,2026-08,
3551,2026-08,
3552,2026-08,
3555,2026-08,
3556,2026-08,
3557,2026-08,
3558,2026-08,
3563,2026-08,
3564,2026-08,
3567,2026-08,
3570,2026-08,
3576,2026-08,
3577,2026-08,
3580,2026-08,
3581,2026-08,
3583,2026-08,
3587,2026-08,
3588,2026-08,
3591,2026-08,
3592,2026-08,
3593,2026-08,
3594,2026-08,
3596,2026-08,
3597,2026-08,
3605,2026-08,
3607,2026-08,
3609,2026-08,
3611,2026-08,
3615,2026-08,
3617,2026-08,
3622,2026-08,
3623,2026-08,
3624,2026-08,
3625,2026-08,
3628,2026-08,
3629,2026-08,
3630,2026-08,
3631,2026-08,
3632,2026-08,
3645,2026-08,
3646,2026-08,
3652,2026-08,
3653,2026-08,
3661,2026-08,
3663,2026-08,
3664,2026-08,
3665,2026-08,
3666,2026-08,
3669,2026-08,
3672,2026-08,
3673,2026-08,
3675,2026-08,
3679,2026-08,
3680,2026-08,
3684,2026-08,
3685,2026-08,
3686,2026-08,
3687,2026-08,
3689,2026-08,
3691,2026-08,
3693,2026-08,
3694,2026-08,
3701,2026-08,
3702,2026-08,
3703,2026-08,
3704,2026-08,
3705,2026-08,
3706,2026-08,
3707,2026-08,
3708,2026-08,
3709,2026-08,
3710,2026-08,
3711,2026-08,
3712,2026-08,
3713,2026-08,
3714,2026-08,
3715,2026-08,
3716,2026-08,
3717,2026-08,
3718,2026-08,
4102,2026-08,
4104,2026-08,
4105,2026-08,
4106,2026-08,
4107,2026-08,
4108,2026-08,
4109,2026-08,
4111,2026-08,
4113,2026-08,
4114,2026-08,
4116,2026-08,
4119,2026-08,
4120,2026-08,
4121,2026-08,
4123,2026-08,
4126,2026-08,
4127,2026-08,
4128,2026-08,
4129,2026-08,
4131,2026-08,
4133,2026-08,
4137,2026-08,
4138,2026-08,
4139,2026-08,
4142,2026-08,
4147,2026-08,
4148,2026-08,
4153,2026-08,
4154,2026-08,
4155,2026-08,
4157,2026-08,
4160,2026-08,
4161,2026-08,
4162,2026-08,
4163,2026-08,
4164,2026-08,
4166,2026-08,
4167,2026-08,
4168,2026-08,
4169,2026-08,
4171,2026-08,
4173,2026-08,
4174,2026-08,
4175,2026-08,
4178,2026-08,
4183,2026-08,
4188,2026-08,
4190,2026-08,
4192,2026-08,
4195,2026-08,
4198,2026-08,
4205,2026-08,
4207,2026-08,
4303,2026-08,
4304,2026-08,
4305,2026-08,
4306,2026-08,
4401,2026-08,
4402,2026-08,
4406,2026-08,
4413,2026-08,
4414,2026-08,
4416,2026-08,
4417,2026-08,
4419,2026-08,
4420,2026-08,
4426,2026-08,
4430,2026-08,
4432,2026-08,
4433,2026-08,
4438,2026-08,
4439,2026-08,
4440,2026-08,
4441,2026-08,
4442,2026-08,
4502,2026-08,
4503,2026-08,
4506,2026-08,
4510,2026-08,
4513,2026-08,
4523,2026-08,
4526,2026-08,
4527,2026-08,
4528,2026-08,
4529,2026-08,
4530,2026-08,
4532,2026-08,
4533,2026-08,
4534,2026-08,
4535,2026-08,
4536,2026-08,
4538,2026-08,
4540,2026-08,
4541,2026-08,
4542,2026-08,
4543,2026-08,
4545,2026-08,
4549,2026-08,
4550,2026-08,
4551,2026-08,
4552,2026-08,
4554,2026-08,
4555,2026-08,
4556,2026-08,
4557,2026-08,
4558,2026-08,
4560,2026-08,
4561,2026-08,
4562,2026-08,
4563,2026-08,
4564,2026-08,
4566,2026-08,
4568,2026-08,
4569,2026-08,
4571,2026-08,
4572,2026-08,
4576,2026-08,
4577,2026-08,
4580,2026-08,
4581,2026-08,
4582,2026-08,
4583,2026-08,
4584,2026-08,
4585,2026-08,
4588,2026-08,
4590,2026-08,
4609,2026-08,
4702,2026-08,
4706,2026-08,
4707,2026-08,
4711,2026-08,
4714,2026-08,
4716,2026-08,
4720,2026-08,
4721,2026-08,
4722,2026-08,
4726,2026-08,
4728,2026-08,
4729,2026-08,
4735,2026-08,
4736,2026-08,
4737,2026-08,
4739,2026-08,
4741,2026-08,
4743,2026-08,
4744,2026-08,
4745,2026-08,
4746,2026-08,
4747,2026-08,
4749,2026-08,
4754,2026-08,
4755,2026-08,
4760,2026-08,
4763,2026-08,
4764,2026-08,
4766,2026-08,
4767,2026-08,
4768,2026-08,
4770,2026-08,
4771,2026-08,
4772,2026-08,
4804,2026-08,
4806,2026-08,
4807,2026-08,
4903,2026-08,
4904,2026-08,
4905,2026-08,
4906,2026-08,
4907,2026-08,
4908,2026-08,
4909,2026-08,
4911,2026-08,
4912,2026-08,
4915,2026-08,
4916,2026-08,
4919,2026-08,
4923,2026-08,
4924,2026-08,
4927,2026-08,
4930,2026-08,
4931,2026-08,
4933,2026-08,
4934,2026-08,
4935,2026-08,
4938,2026-08,
4939,2026-08,
4942,2026-08,
4943,2026-08,
4946,2026-08,
4949,2026-08,
4950,2026-08,
4951,2026-08,
4952,2026-08,
4953,2026-08,
4956,2026-08,
4958,2026-08,
4960,2026-08,
4961,2026-08,
4966,2026-08,
4967,2026-08,
4968,2026-08,
4971,2026-08,
4972,2026-08,
4973,2026-08,
4974,2026-08,
4976,2026-08,
4977,2026-08,
4979,2026-08,
4989,2026-08,
4991,2026-08,
4994,2026-08,
4995,2026-08,
4999,2026-08,
5007,2026-08,
5009,2026-08,
5011,2026-08,
5013,2026-08,
5014,2026-08,
5015,2026-08,
5016,2026-08,
5201,2026-08,
5202,2026-08,
5203,2026-08,
5205,2026-08,
5206,2026-08,
5209,2026-08,
5210,2026-08,
5211,2026-08,
5212,2026-08,
5213,2026-08,
5215,2026-08,
5220,2026-08,
5222,2026-08,
5223,2026-08,
5225,2026-08,
5227,2026-08,
5228,2026-08,
5230,2026-08,
5234,2026-08,
5236,2026-08,
5243,2026-08,
5244,2026-08,
5245,2026-08,
5251,2026-08,
5258,2026-08,
5263,2026-08,
5269,2026-08,
5272,2026-08,
5274,2026-08,
5276,2026-08,
5278,2026-08,
5283,2026-08,
5284,2026-08,
5285,2026-08,
5287,2026-08,
5288,2026-08,
5289,2026-08,
5291,2026-08,
5292,2026-08,
5299,2026-08,
5301,2026-08,
5302,2026-08,
5306,2026-08,
5309,2026-08,
5310,2026-08,
5312,2026-08,
5314,2026-08,
5315,2026-08,
5321,2026-08,
5324,2026-08,
5328,2026-08,
5340,2026-08,
5344,2026-08,
5345,2026-08,
5347,2026-08,
5348,2026-08,
5351,2026-08,
5353,2026-08,
5355,2026-08,
5356,2026-08,
5364,2026-08,
5371,2026-07,
5381,2026-08,
5386,2026-08,
5388,2026-08,
5392,2026-08,
5398,2026-08,
5403,2026-08,
5410,2026-08,
5425,2026-08,
5426,2026-08,
5432,2026-08,
5434,2026-08,
5438,2026-08,
5439,2026-08,
5443,2026-08,
5450,2026-08,
5452,2026-08,
5455,2026-08,
5457,2026-08,
5460,2026-08,
5464,2026-08,
5465,2026-08,
5468,2026-08,
5469,2026-08,
5471,2026-08,
5474,2026-08,
5475,2026-08,
5478,2026-08,
5481,2026-08,
5483,2026-08,
5484,2026-08,
5487,2026-08,
5488,2026-08,
5489,2026-08,
5490,2026-08,
5493,2026-08,
5498,2026-08,
5508,2026-08,
5511,2026-08,
5512,2026-08,
5514,2026-08,
5515,2026-08,
5516,2026-08,
5519,2026-08,
5520,2026-08,
5521,2026-08,
5522,2026-08,
5523,2026-08,
5525,2026-08,
5529,2026-08,
5530,2026-08,
5531,2026-08,
5533,2026-08,
5534,2026-08,
5536,2026-08,
5538,2026-08,
5543,2026-08,
5546,2026-08,
5547,2026-08,
5548,2026-08,
5601,2026-08,
5603,2026-08,
5604,2026-08,
5607,2026-08,
5608,2026-08,
5609,2026-08,
5701,2026-08,
5703,2026-08,
5704,2026-08,
5706,2026-08,
5864,2026-08,
5871,2026-08,
5876,2026-08,
5878,2026-08,
5880,2026-08,
5902,2026-08,
5903,2026-08,
5904,2026-08,
5905,2026-08,
5906,2026-08,
5907,2026-08,
6005,2026-08,
6015,2026-08,
6016,2026-08,
6020,2026-08,
6021,2026-08,
6023,2026-08,
6024,2026-08,
6026,2026-08,
6028,2026-08,
6101,2026-08,
6103,2026-08,
6104,2026-08,
6108,2026-08,
6109,2026-08,
6111,2026-08,
6112,2026-08,
6113,2026-08,
6114,2026-08,
6115,2026-08,
6116,2026-08,
6117,2026-08,
6118,2026-08,
6120,2026-08,
6121,2026-08,
6122,2026-08,
6123,2026-08,
6124,2026-08,
6125,2026-08,
6126,2026-08,
6127,2026-08,
6128,2026-08,
6129,2026-08,
6130,2026-08,
6133,2026-08,
6134,2026-08,
6136,2026-08,
6138,2026-08,
6139,2026-08,
6140,2026-08,
6141,2026-08,
6142,2026-08,
6143,2026-08,
6144,2026-08,
6146,2026-08,
6147,2026-08,
6148,2026-08,
6150,2026-08,
6151,2026-08,
6152,2026-08,
6153,2026-08,
6154,2026-08,
6155,2026-08,
6156,2026-08,
6158,2026-08,
6160,2026-08,
6161,2026-08,
6163,2026-08,
6164,2026-08,
6165,2026-08,
6166,2026-08,
6167,2026-08,
6168,2026-08,
6169,2026-08,
6170,2026-08,
6171,2026-08,
6173,2026-08,
6174,2026-08,
6175,2026-08,
6176,2026-08,
6177,2026-08,
6179,2026-08,
6180,2026-08,
6182,2026-08,
6183,2026-08,
6184,2026-08,
6185,2026-08,
6186,2026-08,
6187,2026-08,
6188,2026-08,
6189,2026-08,
6190,2026-08,
6191,2026-08,
6192,2026-08,
6194,2026-08,
6195,2026-08,
6196,2026-08,
6197,2026-08,
6198,2026-08,
6199,2026-08,
6201,2026-08,
6202,2026-08,
6203,2026-08,
6204,2026-08,
6205,2026-08,
6206,2026-08,
6207,2026-08,
6208,2026-08,
6209,2026-08,
6210,2026-08,
6212,2026-08,
6213,2026-08,
6214,2026-08,
6215,2026-08,
6216,2026-08,
6217,2026-08,
6218,2026-08,
6219,2026-08,
6220,2026-08,
6221,2026-08,
6222,2026-08,
6223,2026-08,
6224,2026-08,
6225,2026-08,
6226,2026-08,
6227,2026-08,
6228,2026-08,
6229,2026-08,
6230,2026-08,
6231,2026-08,
6233,2026-08,
6234,2026-08,
6235,2026-08,
6236,2026-08,
6237,2026-08,
6239,2026-08,
6240,2026-08,
6241,2026-08,
6242,2026-08,
6243,2026-08,
6244,2026-08,
6245,2026-08,
6246,2026-08,
6248,2026-08,
6257,2026-08,
6259,2026-08,
6261,2026-08,
6263,2026-08,
6264,2026-08,
6265,2026-08,
6266,2026-08,
6269,2026-08,
6270,2026-08,
6271,2026-08,
6272,2026-08,
6274,2026-08,
6275,2026-08,
6276,2026-08,
6277,2026-08,
6278,2026-08,
6279,2026-08,
6281,2026-08,
6282,2026-08,
6283,2026-08,
6284,2026-08,
6285,2026-08,
6290,2026-08,
6291,2026-08,
6292,2026-08,
6294,2026-08,
6405,2026-08,
6409,2026-08,
6411,2026-08,
6412,2026-08,
6414,2026-08,
6415,2026-08,
6416,2026-08,
6417,2026-08,
6418,2026-08,
6419,2026-08,
6423,2026-08,
6425,2026-08,
6426,2026-08,
6431,2026-08,
6432,2026-08,
6435,2026-08,
6438,2026-08,
6441,2026-08,
6442,2026-08,
6443,2026-08,
6446,2026-08,
6449,2026-08,
6451,2026-08,
6456,2026-08,
6461,2026-08,
6462,2026-08,
6464,2026-08,
6465,2026-08,
6469,2026-08,
6470,2026-08,
6472,2026-08,
6474,2026-08,
6477,2026-08,
6482,2026-08,
6485,2026-08,
6486,2026-08,
6488,2026-08,
6491,2026-08,
6492,2026-08,
6494,2026-08,
6496,2026-08,
6498,2026-08,
6499,2026-08,
6504,2026-08,
6505,2026-08,
6506,2026-08,
6508,2026-08,
6509,2026-08,
6510,2026-08,
6512,2026-08,
6515,2026-08,
6516,2026-08,
6517,2026-08,
6523,2026-08,
6525,2026-08,
6526,2026-08,
6527,2026-08,
6530,2026-08,
6531,2026-08,
6532,2026-08,
6533,2026-08,
6534,2026-08,
6535,2026-08,
6538,2026-08,
6541,2026-08,
6542,2026-08,
6546,2026-08,
6547,2026-08,
6548,2026-08,
6550,2026-08,
6552,2026-08,
6556,2026-08,
6558,2026-08,
6560,2026-08,
6561,2026-08,
6568,2026-08,
6569,2026-08,
6570,2026-08,
6573,2026-08,
6574,2026-08,
6576,2026-08,
6577,2026-08,
6578,2026-08,
6579,2026-08,
6581,2026-08,
6582,2026-08,
6584,2026-08,
6585,2026-08,
6588,2026-08,
6589,2026-08,
6590,2026-08,
6591,2026-08,
6592,2026-08,
6593,2026-08,
6596,2026-08,
6597,2026-08,
6598,2026-08,
6603,2026-08,
6605,2026-08,
6606,2026-08,
6609,2026-08,
6612,2026-08,
6613,2026-08,
6614,2026-08,
6615,2026-08,
6616,2026-08,
6617,2026-08,
6620,2026-08,
6624,2026-08,
6625,2026-08,
6629,2026-08,
6637,2026-08,
6640,2026-08,
6641,2026-08,
6642,2026-08,
6643,2026-08,
6645,2026-08,
6649,2026-08,
6651,2026-08,
6654,2026-08,
6655,2026-08,
6657,2026-08,
6658,2026-08,
6661,2026-08,
6662,2026-08,
6664,2026-08,
6666,2026-08,
6667,2026-08,
6668,2026-08,
6669,2026-08,
6670,2026-08,
6671,2026-08,
6672,2026-08,
6674,2026-08,
6679,2026-08,
6680,2026-08,
6683,2026-08,
6684,2026-08,
6689,2026-08,
6690,2026-08,
6691,2026-08,
6692,2026-08,
6693,2026-08,
6695,2026-08,
6697,2026-08,
6698,2026-08,
6703,2026-08,
6706,2026-08,
6708,2026-08,
6712,2026-08,
6715,2026-08,
6716,2026-08,
6719,2026-08,
6720,2026-08,
6721,2026-08,
6722,2026-08,
6725,2026-08,
6727,2026-08,
6728,2026-08,
6730,2026-08,
6732,2026-08,
6733,2026-08,
6735,2026-08,
6739,2026-08,
6741,2026-08,
6742,2026-08,
6743,2026-08,
6751,2026-08,
6752,2026-08,
6753,2026-08,
6754,2026-08,
6756,2026-08,
6757,2026-08,
6761,2026-08,
6762,2026-08,
6763,2026-08,
6767,2026-08,
6768,2026-08,
6770,2026-08,
6771,2026-08,
6776,2026-08,
6781,2026-08,
6782,2026-08,
6785,2026-08,
6788,2026-08,
6789,2026-08,
6790,2026-08,
6791,2026-08,
6792,2026-08,
6794,2026-08,
6796,2026-08,
6799,2026-08,
6803,2026-08,
6804,2026-08,
6805,2026-08,
6807,2026-08,
6811,2026-08,
6821,2026-08,
6823,2026-08,
6829,2026-08,
6830,2026-08,
6831,2026-08,
6834,2026-08,
6835,2026-08,
6838,2026-08,
6840,2026-08,
6841,2026-08,
6843,2026-08,
6844,2026-08,
6846,2026-08,
6854,2026-08,
6855,2026-08,
6856,2026-08,
6859,2026-08,
6861,2026-08,
6862,2026-08,
6863,2026-08,
6865,2026-08,
6869,2026-08,
6870,2026-08,
6872,2026-08,
6873,2026-08,
6874,2026-08,
6875,2026-08,
6877,2026-08,
6881,2026-08,
6884,2026-08,
6885,2026-08,
6887,2026-08,
6890,2026-08,
6894,2026-08,
6895,2026-08,
6899,2026-08,
6901,2026-08,
6902,2026-08,
6903,2026-08,
6904,2026-08,
6906,2026-08,
6907,2026-08,
6908,2026-08,
6909,2026-08,
6910,2026-08,
6913,2026-08,
6914,2026-08,
6916,2026-08,
6918,2026-08,
6919,2026-08,
6921,2026-08,
6922,2026-08,
6923,2026-08,
6924,2026-08,
6925,2026-08,
6928,2026-08,
6929,2026-08,
6931,2026-08,
6933,2026-08,
6934,2026-08,
6936,2026-08,
6937,2026-08,
6944,2026-08,
6945,2026-08,
6947,2026-08,
6949,2026-08,
6951,2026-08,
6952,2026-08,
6953,2026-08,
6955,2026-08,
6957,2026-08,
6958,2026-08,
6961,2026-08,
6962,2026-08,
6965,2026-08,
6967,2026-08,
6968,2026-08,
6969,2026-08,
6971,2026-08,
6982,2026-08,
6983,2026-08,
6986,2026-08,
6988,2026-08,
6994,2026-08,
6996,2026-08,
6997,2026-08,
7402,2026-08,
7547,2026-08,
7556,2026-08,
7584,2026-08,
7610,2026-08,
7631,2026-08,
7642,2026-08,
7689,2026-08,
7703,2026-08,
7704,2026-08,
7705,2026-08,
7708,2026-08,
7709,2026-08,
7711,2026-08,
7712,2026-08,
7713,2026-08,
7714,2026-08,
7715,2026-08,
7716,2026-08,
7717,2026-08,
7718,2026-08,
7721,2026-08,
7722,2026-08,
7723,2026-08,
7728,2026-08,
7730,2026-08,
7732,2026-08,
7734,2026-08,
7736,2026-08,
7738,2026-08,
7740,2026-08,
7743,2026-08,
7744,2026-08,
7747,2026-08,
7749,2026-08,
7750,2026-08,
7751,2026-08,
7753,2026-08,
7757,2026-08,
7760,2026-08,
7765,2026-08,
7767,2026-08,
7768,2026-08,
7769,2026-08,
7770,2026-08,
7772,2026-08,
7777,2026-08,
7780,2026-08,
7782,2026-08,
7786,2026-08,
7788,2026-08,
7791,2026-08,
7792,2026-08,
7794,2026-08,
7795,2026-08,
7799,2026-08,
7803,2026-08,
7805,2026-08,
7810,2026-08,
7811,2026-08,
7814,2026-08,
7818,2026-08,
7819,2026-08,
7820,2026-08,
7821,2026-08,
7822,2026-08,
7823,2026-08,
7825,2026-08,
7827,2026-08,
7828,2026-08,
7835,2026-08,
7839,2026-08,
7842,2026-08,
7855,2026-08,
8011,2026-08,
8016,2026-08,
8021,2026-08,
8024,2026-08,
8027,2026-08,
8028,2026-08,
8032,2026-08,
8033,2026-08,
8034,2026-08,
8038,2026-08,
8039,2026-08,
8040,2026-08,
8042,2026-08,
8043,2026-08,
8044,2026-08,
8045,2026-08,
8046,2026-08,
8047,2026-08,
8048,2026-08,
8049,2026-08,
8050,2026-08,
8054,2026-08,
8059,2026-08,
8064,2026-08,
8066,2026-08,
8067,2026-08,
8068,2026-08,
8069,2026-08,
8070,2026-08,
8071,2026-08,
8072,2026-08,
8074,2026-08,
8076,2026-08,
8077,2026-08,
8080,2026-08,
8081,2026-08,
8083,2026-08,
8084,2026-08,
8085,2026-08,
8086,2026-08,
8087,2026-08,
8088,2026-08,
8089,2026-08,
8091,2026-08,
8092,2026-08,
8093,2026-08,
8096,2026-08,
8097,2026-08,
8099,2026-08,
8101,2026-08,
8102,2026-08,
8103,2026-08,
8104,2026-08,
8105,2026-08,
8107,2026-08,
8109,2026-08,
8110,2026-08,
8111,2026-08,
8112,2026-08,
8114,2026-08,
8121,2026-08,
8131,2026-08,
8147,2026-08,
8150,2026-08,
8155,2026-08,
8162,2026-08,
8163,2026-08,
8171,2026-08,
8176,2026-08,
8182,2026-08,
8183,2026-08,
8201,2026-08,
8210,2026-08,
8213,2026-08,
8215,2026-08,
8222,2026-08,
8227,2026-08,
8234,2026-08,
8240,2026-08,
8249,2026-08,
8255,2026-08,
8261,2026-08,
8271,2026-08,
8272,2026-08,
8277,2026-08,
8279,2026-08,
8284,2026-08,
8289,2026-08,
8291,2026-08,
8299,2026-08,
8341,2026-08,
8342,2026-08,
8349,2026-08,
8354,2026-08,
8358,2026-08,
8367,2026-08,
8374,2026-08,
8383,2026-08,
8390,2026-08,
8401,2026-08,
8403,2026-08,
8404,2026-08,
8409,2026-08,
8410,2026-08,
8411,2026-08,
8415,2026-08,
8416,2026-08,
8421,2026-08,
8422,2026-08,
8423,2026-08,
8424,2026-08,
8426,2026-08,
8429,2026-08,
8431,2026-08,
8432,2026-08,
8433,2026-08,
8435,2026-08,
8436,2026-08,
8437,2026-08,
8438,2026-08,
8440,2026-08,
8442,2026-08,
8443,2026-08,
8444,2026-08,
8446,2026-08,
8450,2026-08,
8454,2026-08,
8455,2026-08,
8462,2026-08,
8463,2026-08,
8464,2026-08,
8466,2026-08,
8467,2026-08,
8472,2026-08,
8473,2026-08,
8476,2026-08,
8477,2026-08,
8478,2026-08,
8481,2026-08,
8482,2026-08,
8487,2026-08,
8488,2026-08,
8489,2026-08,
8499,2026-08,
8905,2026-08,
8906,2026-08,
8908,2026-08,
8916,2026-08,
8917,2026-08,
8921,2026-08,
8923,2026-08,
8924,2026-08,
8926,2026-08,
8927,2026-08,
8928,2026-08,
8929,2026-08,
8930,2026-08,
8931,2026-08,
8932,2026-08,
8933,2026-08,
8935,2026-08,
8936,2026-08,
8937,2026-08,
8938,2026-08,
8940,2026-08,
8941,2026-08,
8942,2026-08,
8996,2026-08,
9105,2026-08,
912000,2026-08,
9802,2026-08,
9902,2026-08,
9904,2026-08,
9905,2026-08,
9906,2026-08,
9907,2026-08,
9908,2026-08,
9910,2026-08,
9911,2026-08,
9912,2026-08,
9914,2026-08,
9917,2026-08,
9918,2026-08,
9919,2026-08,
9921,2026-08,
9924,2026-08,
9925,2026-08,
9926,2026-08,
9927,2026-08,
9928,2026-08,
9929,2026-08,
9930,2026-08,
9931,2026-08,
9933,2026-08,
9934,2026-08,
9935,2026-08,
9937,2026-08,
9938,2026-08,
9939,2026-08,
9940,2026-08,
9941,2026-08,
9942,2026-08,
9943,2026-08,
9944,2026-08,
9945,2026-08,
9946,2026-08,
9949,2026-08,
9950,2026-08,
9951,2026-08,
9955,2026-08,
9958,2026-08,
9960,2026-08,
9962,2026-08,
