公司代號,公司名稱,資料年月,營業收入-當月營收,營業收入-上月營收,營業收入-去年當月營收,營業收入-上月比較增減(%),營業收入-去年同月增減(%),累計營業收入-當月累計營收,累計營業收入-去年累計營收,累計營業收入-前期比較增減(%),備註
1777,生泰,11509,132847,134826,108760,-1.46,22.14,981718,977296,0.45,-
2035,唐榮公司,11509,704470,669227,763703,5.26,-7.75,7545638,7566506,-0.27,-
2070,精湛,11509,71344,74081,60606,-3.69,17.71,597181,481779,23.95,-
3081,聯亞,11509,540492,520469,186272,3.84,190.16,3687740,1560400,136.33,數據中心產品出貨量較同期增加
3105,穩懋,11509,2029540,1937397,1561519,4.75,29.97,15706314,11844080,32.60,-
3141,晶宏,11509,194186,242126,145526,-19.79,33.43,1537165,1229154,25.05,-
3152,璟德,11509,160028,155549,111674,2.87,43.29,1219786,1081142,12.82,-
3211,順達,11509,776092,1676806,1176859,-53.71,-34.05,10517443,9234503,13.89,-
3213,茂訊,11509,353396,389527,236738,-9.27,49.27,2845507,2349483,21.11,"系統事業部 188,891 仟元/通路事業部 164,505 仟元"
3228,金麗科,11509,30783,28785,27748,6.94,10.93,265483,236164,12.41,-
3265,台星科,11509,399822,401868,358673,-0.50,11.47,3938490,3397415,15.92,-
3293,鈊象,11509,2249539,2268408,1795453,-0.83,25.29,19424947,16339607,18.88,-
3511,矽瑪,11509,172012,163374,175333,5.28,-1.89,1455177,1291435,12.67,-
3529,力旺,11509,177406,356928,156346,-50.29,13.47,3400810,2800691,21.42,-
3556,禾瑞亞,11509,108888,91617,78201,18.85,39.24,945483,718401,31.60,-
3564,其陽,11509,354239,269866,229665,31.26,54.24,2288274,1762453,29.83,新專案導入以及客戶需求增加
3625,西勝,11509,31606,50505,36325,-37.42,-12.99,339689,319376,6.36,-
3630,新鉅科,11509,160278,172335,209756,-6.99,-23.58,1751416,1708211,2.52,-
4116,明基醫,11509,420969,417672,440251,0.78,-4.37,4023868,3879211,3.72,-
4126,太醫,11509,219646,223090,213262,-1.54,2.99,1852100,1829414,1.24,-
4128,中天,11509,150427,154495,160811,-2.63,-6.45,1437887,1383397,3.93,-
4153,鈺緯,11509,85672,79634,62000,7.58,38.18,716320,639117,12.07,-
4157,太景*-KY,11509,3150,7053,1007,-55.33,212.81,31725,28258,12.26,本月營收較去年同期增加，主要係因奈諾沙星銷售成長所致
4161,聿新科,11509,47688,50852,80998,-6.22,-41.12,655916,601376,9.06,-
4406,新昕纖,11509,8004,2184,31512,266.48,-74.60,122134,363727,-66.42,因應產業趨勢調整經營結構
4529,淳紳,11509,2645,2068,479,27.90,452.19,17553,4101,328.01,"115/3月起加計子公司萊陽, 115/4月起加計金萊陽, 致營收增加."
4561,健椿,11509,111883,107857,62225,3.73,79.80,909231,710213,28.02,本月營收較去年同期增加，係因提貨需求增加所致
4735,豪展,11509,100786,101957,73552,-1.14,37.02,805557,687977,17.09,-
4743,合一,11509,5649,5913,6929,-4.46,-18.47,96768,85922,12.62,-
4909,新復興,11509,19450,15980,21569,21.71,-9.82,155588,241449,-35.56,-
4911,德英,11509,11440,11564,26009,-1.07,-56.01,100954,239961,-57.92,公司行銷團隊建置中
4966,譜瑞-KY,11509,1503134,1326834,1640024,13.28,-8.34,12423272,12632220,-1.65,-
4972,湯石照明,11509,78024,77732,71051,0.37,9.81,742102,677319,9.56,-
4974,亞泰,11509,344966,428660,280263,-19.52,23.08,3168180,3026737,4.67,-
5015,華祺,11509,115002,132290,112366,-13.06,2.34,984456,1182706,-16.76,-
5272,笙科,11509,22814,33794,28021,-32.49,-18.58,251266,264675,-5.06,-
5274,信驊,11509,1636326,1625937,814367,0.63,100.93,11804447,6641749,77.73,本月及本年增減百分比達50%以上者，主係伺服器晶片營收較去年同期成長所致。
5315,光聯,11509,130843,131249,173462,-0.30,-24.56,1329695,1487889,-10.63,-
5490,同亨,11509,139458,109488,160621,27.37,-13.17,1289054,1126342,14.44,-
5508,永信建,11509,626025,318829,304807,96.35,105.38,2950940,1756150,68.03,營收隨完工案量多寡而變化乃屬建設業特性，故本期及本年業績大幅成長尚屬合理。
5864,致和證,11509,560572,599176,352537,-6.44,59.01,5410830,718549,653.02,主要係營業證券評價故
6103,合邦,11509,5464,4150,6640,31.66,-17.71,57427,69053,-16.83,-
6104,創惟,11509,311102,319894,314031,-2.74,-0.93,3084177,3065973,0.59,-
6121,新普,11509,6047377,6752335,7615875,-10.44,-20.59,59292385,58398916,1.52,-
6146,耕興,11509,417116,415183,376109,0.46,10.90,3681171,3356794,9.66,-
6158,禾昌,11509,179283,172833,175126,3.73,2.37,1417510,1397777,1.41,-
6188,廣明,11509,756876,594489,879181,27.31,-13.91,6169893,6959796,-11.34,-
6194,育富,11509,135391,84593,95997,60.04,41.03,779737,1083171,-28.01,-
6274,台燿,11509,6125570,5914540,2851779,3.56,114.79,42303814,21215455,99.40,產品組合優化
6441,廣錠,11509,13605,35611,10107,-61.79,34.60,121014,212616,-43.08,-
6486,互動,11509,169826,1491945,325048,-88.61,-47.75,2869178,1493915,92.05,因本月認列收入之專案減少，以致營收較去年同期減少。
6510,精測,11509,651760,638311,418192,2.10,55.85,4901661,3610143,35.77,本月持續受惠於高效能運算 (HPC) 相關高速測試載板訂單增長，致營收變動達50%以上。
6538,倉和,11509,175001,167967,122311,4.18,43.07,1197349,1143993,4.66,-
6560,欣普羅,11509,23099,11103,10385,108.04,122.42,186595,109986,69.65,因主要客戶訂單逐漸回穩並陸續開始出貨。
6590,普鴻,11509,67626,63252,55327,6.91,22.22,561655,494620,13.55,-
6617,共信-KY,11509,6696,4648,5050,44.06,32.59,37724,28539,32.18,自2018年度起依據國際會計準則公報15號規定認列收入
6679,鈺太,11509,150784,161250,155156,-6.49,-2.81,1570915,1488943,5.50,-
6680,鑫創電子,11509,56274,61505,65117,-8.50,-13.58,448470,383239,17.02,-
6683,雍智科技,11509,247115,233323,184998,5.91,33.57,2026876,1555968,30.26,-
6690,安碁資訊,11509,249174,219817,229398,13.35,8.62,1964185,1740279,12.86,-
6712,長聖,11509,110469,109644,91104,0.75,21.25,779569,662654,17.64,-
6739,竹陞科技,11509,156070,148185,78046,5.32,99.97,1086284,550084,97.47,因客戶產線升級需求
6785,昱展新藥,11509,0,0,0,,,1500,1253,19.71,無
6821,聯寶,11509,44182,33337,49221,32.53,-10.23,410908,457643,-10.21,-
6844,諾貝兒,11509,309208,331966,297113,-6.85,4.07,2825823,2840987,-0.53,115/7/1取得合躍60%股權，屬共同控制下組織重整，視為自始取得，故重編去年比較期單月及累計營收數。
6877,鏵友益,11509,54572,55149,31922,-1.04,70.95,268519,340607,-21.16,係因本期出貨增加所致
6910,德鴻,11509,34545,29471,38903,17.21,-11.20,277649,277009,0.23,-
7402,邑錡,11509,50126,51239,49913,-2.17,0.42,377052,409974,-8.03,-
8027,鈦昇,11509,223419,152884,170627,46.13,30.94,1575105,1087932,44.77,-
8083,瑞穎,11509,120128,110464,97985,8.74,22.59,1129963,1086779,3.97,-
8086,宏捷科,11509,421764,421572,389076,0.04,8.40,3782676,2863359,32.10,-
8109,博大,11509,220400,227249,156671,-3.01,40.67,1683493,1276087,31.92,-
8147,正淩,11509,237377,229772,162742,3.30,45.86,1639075,1249348,31.19,-
8432,東生華,11509,325437,124789,242717,160.78,34.08,1173707,978997,19.88,-
8436,大江,11509,520663,545596,620812,-4.56,-16.13,4933749,5123227,-3.69,-
8942,森鉅,11509,247547,296719,136365,-16.57,81.53,2178741,3074493,-29.13,2025年因美國關稅政策變動影響大，市場需求大幅減少，2026年關稅政策抵定，市場需求逐漸增加，故二期營收有差異。
